country_code,country_name,region,income_level,start_year,end_year,years_observed,start_som_row,start_som_col,end_som_row,end_som_col,complete_full_window,total_feature_distance,mean_feature_step,max_single_year_feature_step,total_som_steps,max_single_year_som_step
LCA,St. Lucia,Latin America & Caribbean,Upper middle income,2014,2023,10,2,2,9,11,True,5.331,0.5923,1.6366,16,16
KHM,Cambodia,East Asia & Pacific,Lower middle income,2014,2023,10,9,3,9,9,True,4.794,0.5327,1.1702,10,5
GHA,Ghana,Sub-Saharan Africa,Lower middle income,2014,2023,10,7,4,7,8,True,4.2481,0.472,1.4078,8,5
SWZ,Eswatini,Sub-Saharan Africa,Lower middle income,2014,2023,10,5,0,2,0,True,4.1254,0.4584,0.8323,3,2
MNG,Mongolia,East Asia & Pacific,Upper middle income,2014,2023,10,6,5,6,9,True,4.0765,0.4529,0.8531,14,5
PAN,Panama,Latin America & Caribbean,High income,2014,2023,10,5,6,6,11,True,3.8472,0.4275,1.4507,34,13
AFG,Afghanistan,"Middle East, North Africa, Afghanistan & Pakistan",Low income,2014,2023,10,9,5,9,5,True,3.8406,0.4267,1.0337,2,1
NAM,Namibia,Sub-Saharan Africa,Lower middle income,2014,2023,10,4,0,3,1,True,3.8268,0.4252,0.5647,2,1
CRI,Costa Rica,Latin America & Caribbean,High income,2014,2023,10,3,6,2,8,True,3.8083,0.4231,0.9505,11,4
LBY,Libya,"Middle East, North Africa, Afghanistan & Pakistan",Upper middle income,2014,2023,10,0,0,0,0,True,3.7522,0.4169,0.8379,0,0
BIH,Bosnia and Herzegovina,Europe & Central Asia,Upper middle income,2014,2023,10,1,1,0,4,True,3.6979,0.4109,0.84,4,2
BOL,Bolivia,Latin America & Caribbean,Lower middle income,2014,2023,10,6,5,6,8,True,3.4507,0.3834,1.0445,9,6
HND,Honduras,Latin America & Caribbean,Lower middle income,2014,2023,10,7,5,7,7,True,3.4053,0.3784,0.9312,10,6
IRQ,Iraq,"Middle East, North Africa, Afghanistan & Pakistan",Upper middle income,2014,2023,10,4,3,1,4,True,3.3224,0.3692,0.5596,4,2
JOR,Jordan,"Middle East, North Africa, Afghanistan & Pakistan",Lower middle income,2014,2023,10,3,5,2,5,True,3.3023,0.3669,0.5641,25,6
COL,Colombia,Latin America & Caribbean,Upper middle income,2014,2023,10,4,6,2,5,True,3.2459,0.3607,1.0161,9,3
ZWE,Zimbabwe,Sub-Saharan Africa,Lower middle income,2014,2023,10,7,1,5,2,True,3.2273,0.3586,0.6373,3,1
GUY,Guyana,Latin America & Caribbean,High income,2014,2023,10,9,6,9,11,True,3.2268,0.3585,0.944,29,16
BRA,Brazil,Latin America & Caribbean,Upper middle income,2014,2023,10,4,7,3,7,True,3.2055,0.3562,0.7082,7,2
ZAF,South Africa,Sub-Saharan Africa,Upper middle income,2014,2023,10,2,0,1,0,True,3.1308,0.3479,0.914,1,1
BTN,Bhutan,South Asia,Lower middle income,2014,2023,10,8,6,9,10,True,3.1118,0.3458,0.481,5,3
MKD,North Macedonia,Europe & Central Asia,Upper middle income,2014,2023,10,1,1,0,4,True,3.0599,0.34,0.6438,6,2
RWA,Rwanda,Sub-Saharan Africa,Low income,2014,2023,10,9,1,5,1,True,3.0333,0.337,0.6928,4,3
BHS,"Bahamas, The",Latin America & Caribbean,High income,2014,2023,10,1,6,4,10,True,3.0261,0.3362,0.5692,19,6
MEX,Mexico,Latin America & Caribbean,Upper middle income,2014,2023,10,4,6,4,8,True,2.9824,0.3314,0.5592,6,2
PER,Peru,Latin America & Caribbean,Upper middle income,2014,2023,10,5,6,4,8,True,2.964,0.3293,0.7395,3,1
GRC,Greece,Europe & Central Asia,High income,2014,2023,10,0,1,0,7,True,2.9352,0.3261,0.4186,8,3
IRN,"Iran, Islamic Rep.","Middle East, North Africa, Afghanistan & Pakistan",Upper middle income,2014,2023,10,3,4,3,6,True,2.8959,0.3218,0.428,6,2
BGD,Bangladesh,South Asia,Lower middle income,2014,2023,10,9,4,9,7,True,2.8953,0.3217,0.5022,5,3
ESP,Spain,Europe & Central Asia,High income,2014,2023,10,0,2,0,7,True,2.8921,0.3213,0.4315,5,4
SRB,Serbia,Europe & Central Asia,Upper middle income,2014,2023,10,1,2,6,10,True,2.8579,0.3175,0.4186,13,10
ARM,Armenia,Europe & Central Asia,Upper middle income,2014,2023,10,2,3,0,4,True,2.853,0.317,0.5211,5,1
IND,India,South Asia,Lower middle income,2014,2023,10,9,5,9,8,True,2.8495,0.3166,0.6557,3,1
BRN,Brunei Darussalam,East Asia & Pacific,High income,2014,2023,10,3,8,4,10,True,2.8299,0.3144,0.6752,3,3
HRV,Croatia,Europe & Central Asia,High income,2014,2023,10,0,3,6,11,True,2.8088,0.3121,0.55,14,13
LSO,Lesotho,Sub-Saharan Africa,Lower middle income,2014,2023,10,6,0,5,0,True,2.8014,0.3113,0.5328,1,1
JAM,Jamaica,Latin America & Caribbean,Upper middle income,2014,2023,10,4,4,7,9,True,2.7445,0.3049,0.5643,8,6
PRY,Paraguay,Latin America & Caribbean,Upper middle income,2014,2023,10,5,6,5,8,True,2.7409,0.3045,0.5964,12,5
MNE,Montenegro,Europe & Central Asia,Upper middle income,2014,2023,10,0,3,0,4,True,2.7263,0.3029,0.5046,3,1
AGO,Angola,Sub-Saharan Africa,Lower middle income,2014,2023,10,4,0,4,2,True,2.6684,0.2965,0.5013,2,1
BGR,Bulgaria,Europe & Central Asia,High income,2014,2023,10,3,4,4,9,True,2.6574,0.2953,0.4323,8,3
KGZ,Kyrgyz Republic,Europe & Central Asia,Lower middle income,2014,2023,10,8,5,9,10,True,2.6509,0.2945,0.4196,6,3
DZA,Algeria,"Middle East, North Africa, Afghanistan & Pakistan",Upper middle income,2014,2023,10,4,4,2,5,True,2.6386,0.2932,0.5189,3,1
GEO,Georgia,Europe & Central Asia,Upper middle income,2014,2023,10,2,2,1,4,True,2.6146,0.2905,0.4546,3,1
EGY,"Egypt, Arab Rep.","Middle East, North Africa, Afghanistan & Pakistan",Lower middle income,2014,2023,10,9,6,9,11,True,2.6121,0.2902,0.5521,25,9
SEN,Senegal,Sub-Saharan Africa,Lower middle income,2014,2023,10,7,4,6,4,True,2.6066,0.2896,0.4428,7,3
ECU,Ecuador,Latin America & Caribbean,Upper middle income,2014,2023,10,5,6,5,8,True,2.5852,0.2872,0.8697,4,3
SAU,Saudi Arabia,"Middle East, North Africa, Afghanistan & Pakistan",High income,2014,2023,10,3,8,2,9,True,2.5788,0.2865,0.6758,6,2
KWT,Kuwait,"Middle East, North Africa, Afghanistan & Pakistan",High income,2014,2023,10,0,11,0,11,True,2.5769,0.2863,0.4832,0,0
LAO,Lao PDR,East Asia & Pacific,Lower middle income,2014,2023,10,8,4,9,9,True,2.5219,0.2802,0.4374,6,3
NIC,Nicaragua,Latin America & Caribbean,Lower middle income,2014,2023,10,7,5,6,7,True,2.521,0.2801,0.6003,7,4
USA,United States,North America,High income,2014,2023,10,3,9,2,10,True,2.5106,0.279,0.773,6,2
CHL,Chile,Latin America & Caribbean,High income,2014,2023,10,3,7,2,8,True,2.5082,0.2787,0.6021,6,2
NPL,Nepal,South Asia,Lower middle income,2014,2023,10,4,3,4,4,True,2.5031,0.2781,0.4506,1,1
TJK,Tajikistan,Europe & Central Asia,Lower middle income,2014,2023,10,9,5,9,7,True,2.5005,0.2778,0.5148,4,1
DOM,Dominican Republic,Latin America & Caribbean,Upper middle income,2014,2023,10,4,6,5,9,True,2.4969,0.2774,0.5127,6,3
ARG,Argentina,Latin America & Caribbean,Upper middle income,2014,2023,10,3,7,3,8,True,2.483,0.2759,0.5457,5,3
TUR,Turkiye,Europe & Central Asia,Upper middle income,2014,2023,10,3,6,2,7,True,2.4604,0.2734,0.4802,2,1
IDN,Indonesia,East Asia & Pacific,Upper middle income,2014,2023,10,7,5,7,8,True,2.4559,0.2729,0.4721,3,1
THA,Thailand,East Asia & Pacific,Upper middle income,2014,2023,10,6,6,7,10,True,2.4496,0.2722,0.4033,9,6
MLI,Mali,Sub-Saharan Africa,Low income,2014,2023,10,8,1,7,3,True,2.4123,0.268,0.6313,7,1
CYP,Cyprus,Europe & Central Asia,High income,2014,2023,10,0,5,4,11,True,2.3935,0.2659,0.4699,10,10
BLZ,Belize,Latin America & Caribbean,Upper middle income,2014,2023,10,8,7,9,11,True,2.3922,0.2658,0.5017,5,5
DJI,Djibouti,"Middle East, North Africa, Afghanistan & Pakistan",Lower middle income,2014,2023,10,3,0,2,0,True,2.3544,0.2616,0.8667,1,1
ALB,Albania,Europe & Central Asia,Upper middle income,2014,2023,10,1,3,0,4,True,2.3429,0.2603,0.3308,4,1
KEN,Kenya,Sub-Saharan Africa,Lower middle income,2014,2023,10,8,2,8,4,True,2.3335,0.2593,0.4456,2,1
COG,"Congo, Rep.",Sub-Saharan Africa,Lower middle income,2014,2023,10,4,0,3,1,True,2.3308,0.259,0.506,2,1
LTU,Lithuania,Europe & Central Asia,High income,2014,2023,10,1,5,4,10,True,2.3236,0.2582,0.4115,12,10
GNQ,Equatorial Guinea,Sub-Saharan Africa,Upper middle income,2014,2023,10,5,3,5,3,True,2.3077,0.2564,0.6985,0,0
CIV,Cote d'Ivoire,Sub-Saharan Africa,Lower middle income,2014,2023,10,7,3,6,4,True,2.3024,0.2558,1.0,2,1
PHL,Philippines,East Asia & Pacific,Lower middle income,2014,2023,10,7,5,8,9,True,2.2966,0.2552,0.6475,5,2
SVK,Slovak Republic,Europe & Central Asia,High income,2014,2023,10,0,4,6,11,True,2.2916,0.2546,0.3297,13,13
MDV,Maldives,South Asia,Upper middle income,2014,2023,10,8,11,7,11,True,2.2595,0.2511,0.3807,1,1
UZB,Uzbekistan,Europe & Central Asia,Lower middle income,2014,2023,10,7,6,8,9,True,2.2556,0.2506,0.5403,4,2
RUS,Russian Federation,Europe & Central Asia,High income,2014,2023,10,5,8,5,9,True,2.2443,0.2494,0.4042,1,1
URY,Uruguay,Latin America & Caribbean,High income,2014,2023,10,3,7,2,8,True,2.2345,0.2483,0.4281,2,1
OMN,Oman,"Middle East, North Africa, Afghanistan & Pakistan",High income,2014,2023,10,3,9,3,9,True,2.2268,0.2474,0.3694,0,0
CPV,Cabo Verde,Sub-Saharan Africa,Upper middle income,2014,2023,10,3,3,2,5,True,2.2229,0.247,0.568,3,1
ZMB,Zambia,Sub-Saharan Africa,Lower middle income,2014,2023,10,7,1,6,2,True,2.198,0.2442,0.429,2,1
GTM,Guatemala,Latin America & Caribbean,Upper middle income,2014,2023,10,7,5,6,7,True,2.1891,0.2432,0.4683,5,2
FJI,Fiji,East Asia & Pacific,Upper middle income,2014,2023,10,7,6,7,8,True,2.1762,0.2418,0.3275,2,1
AZE,Azerbaijan,Europe & Central Asia,Upper middle income,2014,2023,10,7,9,6,9,True,2.1568,0.2396,0.5516,1,1
LBN,Lebanon,"Middle East, North Africa, Afghanistan & Pakistan",Lower middle income,2014,2023,10,3,6,2,5,True,2.1495,0.2388,0.6148,2,1
STP,Sao Tome and Principe,Sub-Saharan Africa,Lower middle income,2014,2023,10,4,2,4,4,True,2.1412,0.2379,0.3084,4,2
MAR,Morocco,"Middle East, North Africa, Afghanistan & Pakistan",Lower middle income,2014,2023,10,4,4,6,9,True,2.1352,0.2372,0.675,13,9
ITA,Italy,Europe & Central Asia,High income,2014,2023,10,0,5,4,11,True,2.1278,0.2364,0.4289,10,8
NGA,Nigeria,Sub-Saharan Africa,Lower middle income,2014,2023,10,6,3,6,3,True,2.0962,0.2329,0.3223,0,0
BRB,Barbados,Latin America & Caribbean,High income,2014,2023,10,0,4,6,11,True,2.0938,0.2326,0.6501,39,13
BEN,Benin,Sub-Saharan Africa,Lower middle income,2014,2023,10,7,1,7,3,True,2.0912,0.2324,0.5775,2,1
KAZ,Kazakhstan,Europe & Central Asia,Upper middle income,2014,2023,10,7,10,6,10,True,2.0902,0.2322,0.45,5,2
ROU,Romania,Europe & Central Asia,High income,2014,2023,10,8,11,6,11,True,2.0863,0.2318,0.3041,4,1
CAN,Canada,North America,High income,2014,2023,10,0,8,2,10,True,2.0753,0.2306,0.674,16,6
GMB,"Gambia, The",Sub-Saharan Africa,Low income,2014,2023,10,6,2,5,3,True,2.0649,0.2294,0.3191,2,1
IRL,Ireland,Europe & Central Asia,High income,2014,2023,10,0,6,3,11,True,2.061,0.229,0.3384,10,9
MAC,"Macao SAR, China",East Asia & Pacific,High income,2014,2023,10,0,10,0,10,True,2.0575,0.2286,0.5749,4,1
HTI,Haiti,Latin America & Caribbean,Lower middle income,2014,2023,10,5,1,4,1,True,2.0219,0.2247,0.3258,1,1
UGA,Uganda,Sub-Saharan Africa,Low income,2014,2023,10,9,1,9,3,True,2.0177,0.2242,0.3831,2,1
POL,Poland,Europe & Central Asia,High income,2014,2023,10,6,11,6,11,True,1.9763,0.2196,0.295,2,1
HUN,Hungary,Europe & Central Asia,High income,2014,2023,10,5,9,4,10,True,1.9715,0.2191,0.3687,2,1
SLV,El Salvador,Latin America & Caribbean,Upper middle income,2014,2023,10,6,5,5,7,True,1.9587,0.2176,0.3672,5,2
LVA,Latvia,Europe & Central Asia,High income,2014,2023,10,1,5,5,10,True,1.9512,0.2168,0.3199,11,10
PRT,Portugal,Europe & Central Asia,High income,2014,2023,10,0,5,4,11,True,1.9261,0.214,0.3901,12,11
BLR,Belarus,Europe & Central Asia,Upper middle income,2014,2023,10,4,6,5,9,True,1.9199,0.2133,0.3324,4,3
CHN,China,East Asia & Pacific,Upper middle income,2014,2023,10,5,6,5,10,True,1.8923,0.2103,0.5246,10,7
EST,Estonia,Europe & Central Asia,High income,2014,2023,10,5,10,4,11,True,1.8753,0.2084,0.4133,2,1
MOZ,Mozambique,Sub-Saharan Africa,Low income,2014,2023,10,8,0,7,2,True,1.8741,0.2082,0.4391,3,1
ARE,United Arab Emirates,"Middle East, North Africa, Afghanistan & Pakistan",High income,2014,2023,10,1,11,1,11,True,1.8727,0.2081,0.4229,4,2
MUS,Mauritius,Sub-Saharan Africa,Upper middle income,2014,2023,10,8,7,9,11,True,1.8652,0.2072,0.4694,7,5
ETH,Ethiopia,Sub-Saharan Africa,Not classified,2014,2023,10,9,0,9,3,True,1.8649,0.2072,0.5462,3,1
VNM,Viet Nam,East Asia & Pacific,Lower middle income,2014,2023,10,9,8,9,10,True,1.8625,0.2069,0.4293,2,1
MYS,Malaysia,East Asia & Pacific,Upper middle income,2014,2023,10,5,7,4,9,True,1.8534,0.2059,0.3731,3,1
GIN,Guinea,Sub-Saharan Africa,Lower middle income,2014,2023,10,7,1,7,3,True,1.8353,0.2039,0.3962,2,1
SLE,Sierra Leone,Sub-Saharan Africa,Low income,2014,2023,10,7,0,7,2,True,1.7739,0.1971,0.2809,2,1
LBR,Liberia,Sub-Saharan Africa,Low income,2014,2023,10,8,0,7,2,True,1.7707,0.1967,0.2876,3,2
TGO,Togo,Sub-Saharan Africa,Low income,2014,2023,10,7,2,7,3,True,1.7614,0.1957,0.299,1,1
GNB,Guinea-Bissau,Sub-Saharan Africa,Low income,2014,2023,10,8,0,7,2,True,1.7542,0.1949,0.302,3,2
LKA,Sri Lanka,South Asia,Lower middle income,2014,2023,10,9,6,9,7,True,1.7536,0.1948,0.3068,1,1
SLB,Solomon Islands,East Asia & Pacific,Lower middle income,2014,2023,10,9,3,8,5,True,1.7423,0.1936,0.2365,3,2
SVN,Slovenia,Europe & Central Asia,High income,2014,2023,10,6,11,4,11,True,1.7358,0.1929,0.2848,2,1
HKG,"Hong Kong SAR, China",East Asia & Pacific,High income,2014,2023,10,0,10,0,10,True,1.7275,0.1919,0.4902,2,1
ISL,Iceland,Europe & Central Asia,High income,2014,2023,10,0,9,0,10,True,1.6756,0.1862,0.4097,3,1
MDG,Madagascar,Sub-Saharan Africa,Low income,2014,2023,10,9,0,8,2,True,1.6573,0.1841,0.4817,5,2
GAB,Gabon,Sub-Saharan Africa,Upper middle income,2014,2023,10,0,0,0,0,True,1.6422,0.1825,0.329,0,0
MWI,Malawi,Sub-Saharan Africa,Low income,2014,2023,10,9,0,9,1,True,1.5914,0.1768,0.2882,3,1
TTO,Trinidad and Tobago,Latin America & Caribbean,High income,2014,2023,10,7,11,7,11,True,1.5829,0.1759,0.3314,2,1
MRT,Mauritania,Sub-Saharan Africa,Lower middle income,2014,2023,10,6,1,4,2,True,1.5782,0.1754,0.3276,3,2
VCT,St. Vincent and the Grenadines,Latin America & Caribbean,Upper middle income,2014,2023,10,2,2,2,2,True,1.5731,0.1748,0.3852,0,0
CZE,Czechia,Europe & Central Asia,High income,2014,2023,10,4,9,3,10,True,1.5554,0.1728,0.2444,4,1
CMR,Cameroon,Sub-Saharan Africa,Lower middle income,2014,2023,10,7,3,6,4,True,1.5444,0.1716,0.281,2,1
TZA,Tanzania,Sub-Saharan Africa,Lower middle income,2014,2023,10,8,1,8,3,True,1.5112,0.1679,0.2899,4,2
PNG,Papua New Guinea,East Asia & Pacific,Lower middle income,2014,2023,10,9,1,9,1,True,1.5111,0.1679,0.275,0,0
QAT,Qatar,"Middle East, North Africa, Afghanistan & Pakistan",High income,2014,2023,10,0,11,0,11,True,1.5023,0.1669,0.3651,0,0
NOR,Norway,Europe & Central Asia,High income,2014,2023,10,2,11,2,11,True,1.4637,0.1626,0.2646,0,0
SWE,Sweden,Europe & Central Asia,High income,2014,2023,10,0,8,0,8,True,1.4436,0.1604,0.2635,0,0
MLT,Malta,"Middle East, North Africa, Afghanistan & Pakistan",High income,2014,2023,10,2,8,0,10,True,1.394,0.1549,0.2264,10,3
NLD,Netherlands,Europe & Central Asia,High income,2014,2023,10,0,8,0,10,True,1.3754,0.1528,0.2256,4,2
AUT,Austria,Europe & Central Asia,High income,2014,2023,10,3,11,3,11,True,1.3655,0.1517,0.2823,2,1
MDA,Moldova,Europe & Central Asia,Upper middle income,2014,2023,10,9,9,9,10,True,1.3612,0.1512,0.3274,1,1
BFA,Burkina Faso,Sub-Saharan Africa,Low income,2014,2023,10,8,0,8,1,True,1.3584,0.1509,0.2953,1,1
LUX,Luxembourg,Europe & Central Asia,High income,2014,2023,10,0,9,0,9,True,1.3503,0.15,0.2343,0,0
TON,Tonga,East Asia & Pacific,Upper middle income,2014,2023,10,9,7,9,8,True,1.3459,0.1495,0.232,1,1
SGP,Singapore,East Asia & Pacific,High income,2014,2023,10,0,10,0,10,True,1.33,0.1478,0.2738,2,1
BEL,Belgium,Europe & Central Asia,High income,2014,2023,10,0,8,1,9,True,1.3206,0.1467,0.2039,6,2
BHR,Bahrain,"Middle East, North Africa, Afghanistan & Pakistan",High income,2014,2023,10,0,11,0,11,True,1.319,0.1466,0.3764,0,0
ISR,Israel,"Middle East, North Africa, Afghanistan & Pakistan",High income,2014,2023,10,1,8,1,10,True,1.2877,0.1431,0.2003,6,2
GBR,United Kingdom,Europe & Central Asia,High income,2014,2023,10,2,9,2,10,True,1.2738,0.1415,0.2092,3,1
AUS,Australia,East Asia & Pacific,High income,2014,2023,10,0,8,1,10,True,1.2663,0.1407,0.2676,5,2
FIN,Finland,Europe & Central Asia,High income,2014,2023,10,4,11,3,11,True,1.2299,0.1367,0.228,1,1
TCD,Chad,Sub-Saharan Africa,Low income,2014,2023,10,8,0,8,0,True,1.1373,0.1264,0.1999,0,0
FRA,France,Europe & Central Asia,High income,2014,2023,10,0,7,0,8,True,1.0968,0.1219,0.2358,1,1
JPN,Japan,East Asia & Pacific,High income,2014,2023,10,1,11,1,11,True,1.0958,0.1218,0.2543,0,0
CHE,Switzerland,Europe & Central Asia,High income,2014,2023,10,3,11,2,11,True,1.0886,0.121,0.1576,1,1
BDI,Burundi,Sub-Saharan Africa,Low income,2014,2023,10,9,0,9,0,True,1.0165,0.1129,0.18,0,0
DNK,Denmark,Europe & Central Asia,High income,2014,2023,10,0,8,0,9,True,0.9966,0.1107,0.1582,3,2
DEU,Germany,Europe & Central Asia,High income,2014,2023,10,2,9,2,10,True,0.9826,0.1092,0.154,1,1
NER,Niger,Sub-Saharan Africa,Low income,2014,2023,10,9,0,9,0,True,0.9027,0.1003,0.2114,0,0
KOR,"Korea, Rep.",East Asia & Pacific,High income,2014,2023,10,2,10,2,11,True,0.8956,0.0995,0.1774,5,1
NZL,New Zealand,East Asia & Pacific,High income,2014,2023,10,2,9,2,10,True,0.8881,0.0987,0.1873,3,1
CAF,Central African Republic,Sub-Saharan Africa,Low income,2014,2023,8,7,0,7,0,False,12.2633,1.7519,4.8377,0,0
VEN,"Venezuela, RB",Latin America & Caribbean,Not classified,2014,2023,8,4,7,4,7,False,2.8009,0.4001,0.9323,6,3
BWA,Botswana,Sub-Saharan Africa,Upper middle income,2014,2022,9,3,1,1,0,False,2.5607,0.3201,0.7035,3,1
PRI,Puerto Rico (US),Latin America & Caribbean,High income,2014,2022,8,1,6,2,8,False,2.3043,0.3292,0.5502,3,1
SOM,"Somalia, Fed. Rep.",Sub-Saharan Africa,Low income,2014,2023,8,5,0,5,0,False,2.2889,0.327,0.6185,0,0
PSE,West Bank and Gaza,"Middle East, North Africa, Afghanistan & Pakistan",Lower middle income,2014,2022,8,0,1,0,1,False,2.1941,0.3134,0.5532,0,0
MMR,Myanmar,East Asia & Pacific,Lower middle income,2014,2020,7,9,3,8,4,False,2.1569,0.3595,0.6117,2,2
TLS,Timor-Leste,East Asia & Pacific,Lower middle income,2014,2021,8,9,4,8,5,False,2.0206,0.2887,0.4127,2,2
SUR,Suriname,Latin America & Caribbean,Upper middle income,2014,2023,7,5,5,6,9,False,1.999,0.3332,0.9231,9,6
UKR,Ukraine,Europe & Central Asia,Upper middle income,2014,2021,8,4,4,3,5,False,1.8533,0.2648,0.3142,4,2
TUN,Tunisia,"Middle East, North Africa, Afghanistan & Pakistan",Lower middle income,2014,2021,8,3,3,2,3,False,1.5726,0.2247,0.3228,3,1
COM,Comoros,Sub-Saharan Africa,Lower middle income,2014,2023,9,9,4,8,5,False,1.5397,0.1925,0.3382,2,2
CUB,Cuba,Latin America & Caribbean,Upper middle income,2014,2020,7,5,6,4,8,False,1.5303,0.255,0.498,3,2
PAK,Pakistan,"Middle East, North Africa, Afghanistan & Pakistan",Lower middle income,2014,2020,7,8,5,9,5,False,1.2933,0.2155,0.3049,1,1
COD,"Congo, Dem. Rep.",Sub-Saharan Africa,Low income,2014,2023,9,8,0,7,1,False,1.2461,0.1558,0.234,2,2
SYR,Syrian Arab Republic,"Middle East, North Africa, Afghanistan & Pakistan",Low income,2014,2018,5,4,3,4,3,False,1.1698,0.2924,0.3392,0,0
YEM,"Yemen, Rep.","Middle East, North Africa, Afghanistan & Pakistan",Low income,2014,2016,3,5,1,4,1,False,1.028,0.514,0.7669,1,1
SSD,South Sudan,Sub-Saharan Africa,Low income,2014,2015,2,7,0,7,0,False,0.7426,0.7426,0.7426,0,0
NCL,New Caledonia,East Asia & Pacific,High income,2014,2017,3,0,5,0,5,False,0.6903,0.3452,0.4325,0,0
GUM,Guam,East Asia & Pacific,High income,2014,2017,4,2,8,2,8,False,0.5897,0.1966,0.2865,0,0
VIR,Virgin Islands (U.S.),Latin America & Caribbean,High income,2014,2017,4,1,7,1,7,False,0.5162,0.1721,0.1745,0,0
PYF,French Polynesia,East Asia & Pacific,High income,2014,2017,4,0,5,0,5,False,0.4695,0.1565,0.173,0,0
SDN,Sudan,Sub-Saharan Africa,Low income,2015,2017,3,5,1,5,1,False,0.4632,0.2316,0.2361,0,0
TKM,Turkmenistan,Europe & Central Asia,Upper middle income,2014,2016,3,7,6,7,6,False,0.2858,0.1429,0.1809,0,0
VUT,Vanuatu,East Asia & Pacific,Lower middle income,2014,2015,2,9,3,9,3,False,0.1775,0.1775,0.1775,0,0
