country_code,country_name,region,income_level,log_gdp_per_capita,life_expectancy,internet_users_pct,urban_population_pct,unemployment_pct,electricity_access_pct,log1p_co2_tons_per_capita_2018,z_log_gdp_per_capita,z_life_expectancy,z_internet_users_pct,z_urban_population_pct,z_unemployment_pct,z_electricity_access_pct,z_log1p_co2_tons_per_capita_2018
AFG,Afghanistan,"Middle East, North Africa, Afghanistan & Pakistan",Low income,2.6167462934163774,66.289,16.09499931,25.7007352636188,13.687,85.3,0.18439218965603896,-1.9699014744804981,-1.0173829063784752,-2.1123652878317496,-1.693668712793602,1.224447269712738,-0.06318258468650827,-1.358728837217625
AGO,Angola,Sub-Saharan Africa,Lower middle income,3.425839691992421,64.805,40.70479965,70.6551379036435,14.02,51.1,0.6278413411841053,-0.6860396723875346,-1.2269193946673536,-1.1609557315879353,0.42474293379537553,1.2837422319318543,-1.5370732578561874,-0.8214866425114786
ALB,Albania,Europe & Central Asia,Upper middle income,4.056057369536366,79.776,85.86389923,58.5463634043555,10.689,100.0,1.1417101302645565,0.31398381640424305,0.886942307605429,0.5848852869572004,-0.14586567000737818,0.690614546791083,0.5703318274653716,-0.1989304935476925
ARE,United Arab Emirates,"Middle East, North Africa, Afghanistan & Pakistan",High income,4.701339173745331,83.069,100.0,85.8171088279791,2.16,100.0,3.1104002909275477,1.3379109198357484,1.3519043399068311,1.1313838840524235,1.13922903315595,-0.8280843504066474,0.5703318274653716,2.1861533857796553
ARG,Argentina,Latin America & Caribbean,Upper middle income,4.145189680571345,77.543,89.66715228,92.2742315972952,7.15,100.0,1.6040059597824248,0.4554181300094157,0.5716491955103715,0.7319182269482702,1.4435116678849294,0.06044976813206465,0.5703318274653716,0.3611446023180819
ARM,Armenia,Europe & Central Asia,Upper middle income,3.9322816417326782,78.319512195122,81.33930206,65.8113671449901,12.405,100.0,1.0540737672790808,0.11757765460254689,0.6812904613320372,0.4099653393664462,0.19648719495918343,0.99617056831662,0.5703318274653716,-0.3051026484027494
AUS,Australia,East Asia & Pacific,High income,4.810259311866428,83.0512195121951,96.13140106,87.6021469990446,3.942,100.0,2.802606263890373,1.510744371521887,1.349393786689377,0.9818246860930511,1.223346392727408,-0.5107761742070512,0.5703318274653716,1.8132584596464414
AUT,Austria,Europe & Central Asia,High income,4.765436661289243,81.9951219512195,94.91974877,69.4658181096788,5.2,100.0,2.097605280731762,1.4396202107687703,1.2002758795348771,0.9349824707307014,0.368697946984441,-0.2867729836015002,0.5703318274653716,0.9591441284836016
AZE,Azerbaijan,Europe & Central Asia,Upper middle income,3.8623609880612517,74.576,90.43979645,58.573795837717,5.648,100.0,1.440167343760835,0.006628218376639215,0.15271741602714542,0.7617884833809998,-0.14457295599241024,-0.20700078217758386,0.5703318274653716,0.1626528082854452
BDI,Burundi,Sub-Saharan Africa,Low income,2.341285772304967,63.818,8.595999718,24.8302838651025,0.915,11.6,0.048551443085877194,-2.406999640973972,-1.3662809269726943,-2.4022749894761337,-1.734687484529317,-1.0497727226673081,-3.239373889148654,-1.5233009884245852
BEL,Belgium,Europe & Central Asia,High income,4.752928197375349,82.3,95.77579144,87.6126557010527,5.7,100.0,2.2169957293152853,1.4197718977678606,1.243323774209965,0.968076895128233,1.2238416002135968,-0.19774150879802205,0.5703318274653716,1.1037866120760047
BEN,Benin,Sub-Saharan Africa,Lower middle income,3.171837627247601,60.961,33.98379898,52.5455354818423,1.637,57.0,0.4939405122121069,-1.0890877619561075,-1.7696810260571472,-1.4207881632458947,-0.42864606555666984,-0.9212112730510855,-1.282805568625161,-0.9837085680287626
BFA,Burkina Faso,Sub-Saharan Africa,Low income,2.9921082370978707,61.292,28.25270081,28.3352514896662,3.441,21.7,0.18972872942036942,-1.3742806693915215,-1.7229447877662982,-1.6423511784421991,-1.5695209201718965,-0.5999857119601364,-2.804102082159947,-1.3522635766003792
BGD,Bangladesh,South Asia,Lower middle income,3.413872205444439,74.93,53.42171316,32.6783196323307,3.635,99.5,0.4095274163365949,-0.7050295675875901,0.20270118749228427,-0.6693226068902617,-1.3648600728457094,-0.5654414997363869,0.5487837182085049,-1.085975708993695
BGR,Bulgaria,Europe & Central Asia,High income,4.245414381931057,75.7609756097561,82.438955,73.9499356882481,4.2,100.0,1.9641609192182603,0.6144537443505635,0.3200325292187009,0.4524776840914509,0.5800055463575453,-0.4648359332084565,0.5703318274653716,0.7974752169440639
BHR,Bahrain,"Middle East, North Africa, Afghanistan & Pakistan",High income,4.472076960368025,81.423,100.0,100.0,1.084,100.0,3.0660902290966434,0.9741197939454213,1.1194939223033975,1.1313838840524235,1.807577405654679,-1.0196800841837326,0.5703318274653716,2.1324713913873548
BHS,"Bahamas, The",Latin America & Caribbean,High income,4.596106964170798,74.71,92.47270203,81.3249262966481,9.049,100.0,1.9102504260652193,1.1709294385131241,0.17163782669473968,0.8403801732375688,0.9275413844694028,0.39859130943567456,0.5703318274653716,0.7321622232007501
BIH,Bosnia and Herzegovina,Europe & Central Asia,Upper middle income,3.9712195951211458,78.044,86.10091103,52.1224302754935,10.69,100.0,2.03534032291673,0.17936403315304653,0.642388939872047,0.5940481118622054,-0.4485842906074841,0.6907926097406899,0.5703318274653716,0.8837096339658773
BLR,Belarus,Europe & Central Asia,Upper middle income,3.9199998061885797,74.3653414634147,94.26182128,79.1551015210848,3.458,100.0,1.9856317994164903,0.09808895336928154,0.12297304272245672,0.9095471363251604,0.8252915089139865,-0.5969586418168181,0.5703318274653716,0.8234873600730371
BLZ,Belize,Latin America & Caribbean,Upper middle income,3.885431561322737,73.739,80.00582262,41.7532107338224,8.698,99.6,1.025471559151112,0.043236387241861,0.03453544790195023,0.3584133127452241,-0.9372188659350768,0.336091214123633,0.5530933400598781,-0.33975445236981444
BOL,Bolivia,Latin America & Caribbean,Lower middle income,3.6455368312326466,68.739,79.70469666,71.2361453773988,3.274,99.8,1.0896881529856135,-0.33742631625827313,-0.6714500247694759,0.3467718482872032,0.45212207636822355,-0.6297222245444981,0.5617125837626248,-0.26195553520125336
BRA,Brazil,Latin America & Caribbean,Upper middle income,4.013281785386522,76.023,84.46347227,87.8958549533146,6.801,99.8,1.1233639632827606,0.24610792142246465,0.35702961181825654,0.5307450836984251,1.2371869581555293,-0.0016942012807631415,0.5617125837626248,-0.22115702161699166
BRB,Barbados,Latin America & Caribbean,High income,4.423980614697363,76.332,70.36470032,59.5397032429174,6.448,100.0,1.6961619419815546,0.8978009645797423,0.4006595140293503,-0.01431038929255319,-0.09905595706600796,-0.06455042249201869,0.5703318274653716,0.4727923120078083
BRN,Brunei Darussalam,East Asia & Pacific,High income,4.520529041422538,75.501,96.29828801,74.8983133873697,5.18,100.0,2.851194492377679,1.0510031008754745,0.28332472847136086,0.9882764994701918,0.6246964830667276,-0.29033424259363944,0.5703318274653716,1.8721234871686598
BTN,Bhutan,South Asia,Lower middle income,3.5833490337001246,73.262,91.27739716,42.5645249803412,3.282,100.0,1.0354472071230034,-0.4361053290259099,-0.03281556619090437,0.7941699455952766,-0.8989868475356428,-0.6282977209476425,0.5703318274653716,-0.3276688750458591
BWA,Botswana,Sub-Saharan Africa,Upper middle income,3.886251131274236,69.293,57.45950036,67.4623537838418,23.81,76.0,1.5197098749506746,0.044536873139687974,-0.5932268343974816,-0.51322262740709,0.27428756864254555,3.0269785085839565,-0.463977416864228,0.2590192211687649
CAF,Central African Republic,Sub-Saharan Africa,Low income,2.7127851870997923,57.671,13.78250027,44.1243555638904,6.253,17.6,0.0654520719522968,-1.8175078604275279,-2.2342194670749453,-2.201766000355395,-0.8254820720110695,-0.0992726976653752,-2.9807965780662538,-1.5028257413464887
CAN,Canada,North America,High income,4.73512241312987,82.1080487804878,94.353302,82.7002565766633,6.351,100.0,2.8029914872191837,1.3915178466418583,1.2162208197225308,0.9130837611663865,0.9923518482279997,-0.08182252860389351,0.5703318274653716,1.813725160791114
CHE,Switzerland,Europe & Central Asia,High income,5.017025766997803,84.4073170731707,97.3443985,85.4615370020764,4.343,100.0,1.6867675973847887,1.8388394396123378,1.5408708222041623,1.028718904663346,1.1224732216457212,-0.4393729314146618,0.5703318274653716,0.46141098837329253
CHL,Chile,Latin America & Caribbean,High income,4.222973575307433,81.359,95.590243,88.9950908479196,8.718,100.0,1.720034385671012,0.578844883268604,1.1104573082532023,0.9609036325855376,1.2889868706163083,0.33965247311577207,0.5703318274653716,0.5017139685191103
CHN,China,East Asia & Pacific,Upper middle income,4.123954427755838,78.017,92.0,65.8946980998325,4.59,100.0,2.1225324820514597,0.4217222303820079,0.6385766183196212,0.8221056150378071,0.2004140464996895,-0.39539138286174363,0.5703318274653716,0.989343632302088
CIV,Cote d'Ivoire,Sub-Saharan Africa,Lower middle income,3.435827414488818,62.11,41.43219902,53.9733113940142,2.273,72.4,0.3080975490849327,-0.6701912481813845,-1.6074455644372534,-1.132834629333445,-0.36136417672179916,-0.8079632371010614,-0.6191238035136677,-1.208858804616412
CMR,Cameroon,Sub-Saharan Africa,Lower middle income,3.2624530682214234,63.968,46.25880051,55.4031748609078,3.603,72.0,0.2982444992605489,-0.9453000317004315,-1.3451013627925508,-0.946239260077124,-0.29398391486947933,-0.5711395141238095,-0.6363622909191613,-1.2207958533038665
COD,"Congo, Dem. Rep.",Sub-Saharan Africa,Low income,2.8125011415956465,62.074,19.67350006,44.7455804408753,4.421,22.1,0.02413783526205175,-1.6592795208294326,-1.6125286598404878,-1.9740212231283116,-0.7962077420840619,-0.42548402134531915,-2.786863594754454,-1.5528782696140317
COG,"Congo, Rep.",Sub-Saharan Africa,Lower middle income,3.3948453435058457,66.001,47.25159836,63.8866111699904,19.895,51.3,0.4620074350030446,-0.735221213322987,-1.0580476696043488,-0.9078579100109448,0.10578583458450928,2.3298620608727227,-1.528454014153441,-1.0223957465348008
COL,Colombia,Latin America & Caribbean,Upper middle income,3.8986817975852635,77.913,79.34543299,78.5210811866115,9.619,98.7,0.9637220068700744,0.06426173763540538,0.6238921204880556,0.3328827925400238,0.7954142114337468,0.5000871907116397,0.5143067433975185,-0.41456452895981777
COM,Comoros,Sub-Saharan Africa,Lower middle income,3.2208286890118907,67.023,32.51750183,33.5392215673301,3.815,89.8,0.290403259415838,-1.0113492055003943,-0.9137442389903104,-1.477474893797528,-1.324291305860249,-0.5333901688071347,0.13075039862529164,-1.230295578106301
CPV,Cabo Verde,Sub-Saharan Africa,Upper middle income,3.715374964013833,76.224,74.73519897,76.7721471004354,11.883,98.6,0.7919059931685207,-0.22660782340557867,0.3854102278196489,0.15465214285778656,0.7129982049985237,0.9032217086217887,0.5099971215461447,-0.622721004101572
CRI,Costa Rica,Latin America & Caribbean,High income,4.2692128789936765,80.996,87.17019653,79.3107672397967,6.936,100.0,0.9806000432616379,0.6522169758633806,1.0592027629372567,0.6353864579275087,0.8326270322916307,0.022344296916175923,0.5703318274653716,-0.3941166528457513
CUB,Cuba,Latin America & Caribbean,Upper middle income,3.982509990710512,78.264,70.47699738,77.1664929228275,1.755,100.0,1.170647400604574,0.19727952678235716,0.6734523006695896,-0.00996900925102426,0.7315811853937598,-0.9001998449974647,0.5703318274653716,-0.16387275903020493
CYP,Cyprus,Europe & Central Asia,High income,4.58742238280897,81.821,89.60099246,66.6824259192483,4.9,100.0,1.900555818506368,1.1571488264141476,1.1756903659280424,0.7293605026222806,0.2375345884042291,-0.34019186848358707,0.5703318274653716,0.7204171285855393
CZE,Czechia,Europe & Central Asia,High income,4.50274531978707,79.9780487804878,87.68776014,72.7947984592185,2.6,100.0,2.3646867409468375,1.0227840584917218,0.9154710083645019,0.655395355103228,0.525571363815297,-0.7497366525795868,0.5703318274653716,1.2827154542079402
DEU,Germany,Europe & Central Asia,High income,4.748991753792803,80.7926829268293,93.49999579,82.0211432579125,3.4,100.0,2.2574192831391606,1.413525586080459,1.0304949829363401,0.8800951277203586,0.9603496086405799,-0.6072862928940216,0.5703318274653716,1.152760070925404
DJI,Djibouti,"Middle East, North Africa, Afghanistan & Pakistan",Lower middle income,3.5505613904608593,66.202,65.29889679,72.9052635052978,26.007,65.2,0.37647552242666543,-0.48813245322396753,-1.0296670536029584,-0.21015325765836967,0.5307768704267234,3.4181828088704402,-0.9294165768125477,-1.1260183428834598
DNK,Denmark,Europe & Central Asia,High income,4.851420311746018,82.2536585365854,99.76915157,88.6960552688405,5.358,100.0,1.911243895749075,1.5760582593553103,1.2367804942193577,1.1224593336980309,1.2748952485222882,-0.2586390375636012,0.5703318274653716,0.7333658196705808
DOM,Dominican Republic,Latin America & Caribbean,Upper middle income,4.036455695657495,73.868,91.0022446,72.4121874752151,5.312,99.6,1.202911487871197,0.28288006448332037,0.0527498730968717,0.7835326071613088,0.5075413708218185,-0.26682993324552107,0.5530933400598781,-0.12478455919132403
DZA,Algeria,"Middle East, North Africa, Afghanistan & Pakistan",Upper middle income,3.7598936769883093,76.475,77.4178009,75.2792907190618,11.655,100.0,1.519137455053949,-0.1559659479844448,0.4208506985477532,0.2583609530284953,0.6426494925418083,0.8626233561114027,0.5703318274653716,0.2583257298844753
ECU,Ecuador,Latin America & Caribbean,Upper middle income,3.837254113654174,77.579,77.17273115,63.2376932397602,3.453,98.7,1.1995239250170877,-0.033211134012000064,0.576732290913604,0.24888660952001476,0.07520650930489471,-0.5978489565648529,0.5143067433975185,-0.12888861868986057
EGY,"Egypt, Arab Rep.","Middle East, North Africa, Afghanistan & Pakistan",Lower middle income,3.523547961091436,71.806,74.64839935,42.8004363938404,6.817,100.0,1.203031181831527,-0.5309971091116268,-0.23839853583282408,0.15129648832969597,-0.8878698610655563,0.0011548059129481622,0.5703318274653716,-0.12463954900082283
ESP,Spain,Europe & Central Asia,High income,4.548103909988967,83.8878048780488,95.7574516,80.315199821207,11.4,100.0,1.87521298399123,1.094758643205295,1.4675172096778206,0.967367880882082,0.879959474804804,0.8172173039616291,0.5703318274653716,0.6897140818256771
EST,Estonia,Europe & Central Asia,High income,4.497321647070096,79.2951219512195,92.23796204,70.6981161541961,7.6,100.0,2.5728476987205706,1.0141778255887817,0.8190437242923065,0.8313051760156055,0.4267682221136229,0.14057809545519487,0.5703318274653716,1.534904119855699
ETH,Ethiopia,Sub-Saharan Africa,Not classified,3.0545681662622433,67.603,21.94129944,23.6222839355469,3.357,55.4,0.13496809334856671,-1.2751698407075898,-0.8318499241604252,-1.8863485897884589,-1.7916127458956161,-0.6149429997271207,-1.3517595182471345,-1.4186065252909865
FIN,Finland,Europe & Central Asia,High income,4.725501366566918,82.3365853658537,93.72405196,74.2637190463636,8.4,100.0,2.2019635583727615,1.3762512603613724,1.2484895215709808,0.8887570907728141,0.5947921363532013,0.28302845514076,0.5703318274653716,1.085575016720526
FJI,Fiji,East Asia & Pacific,Upper middle income,3.8079232515718413,67.463,74.7052002,59.0766602292457,5.361,99.3,1.1221879183475543,-0.0797530703523994,-0.8516175173952253,0.15349239690051536,-0.12087619391552272,-0.2581048487147803,0.5401644745057582,-0.22258180946445086
FRA,France,Europe & Central Asia,High income,4.6637299786771065,82.9804878048781,88.65381638,78.7999750964116,7.4,100.0,1.7255058246778872,1.2782330025019335,1.339406675124766,0.6927428803129742,0.8085566862968707,0.10496550553380372,0.5703318274653716,0.5083426606479041
GAB,Gabon,Sub-Saharan Africa,Upper middle income,3.9154021103453673,68.511,68.72090149,91.8632094677575,20.091,94.1,1.1261584621768663,0.09079337280821094,-0.7036429623232942,-0.0778592963863844,1.4241428404712773,2.3647623989956865,0.3160641382343448,-0.21777146385056023
GBR,United Kingdom,Europe & Central Asia,High income,4.726289986218173,81.3868536585366,95.4720993,83.2429544416085,4.361,100.0,1.858274587857581,1.377502634613602,1.1143901639107203,0.9563362227066646,1.0179257055181261,-0.43616779832173663,0.5703318274653716,0.6691930794011912
GEO,Georgia,Europe & Central Asia,Upper middle income,3.965742055389542,74.657,83.79855689,61.0789605093733,11.557,100.0,1.2637146905712355,0.17067232457746145,0.16415438068442295,0.5050395989774757,-0.026520669555509503,0.8451731870499212,0.5703318274653716,-0.05112099268957622
GHA,Ghana,Sub-Saharan Africa,Lower middle income,3.3785382292633943,65.695,72.17569733,58.3654868038581,2.82,89.5,0.42253507341819024,-0.7610971889706634,-1.1012539805318418,0.05570236326287785,-0.15438921997327126,-0.7105628036660563,0.11782153307117178,-1.0702168283770095
GIN,Guinea,Sub-Saharan Africa,Lower middle income,3.22915785436844,60.904,33.30469894,38.0713036688655,5.132,51.1,0.21959885838605017,-0.9981325641788739,-1.7777292604456008,-1.4470420238532644,-1.1107234472442826,-0.29888126417477334,-1.5370732578561874,-1.3160756763949542
GMB,"Gambia, The",Sub-Saharan Africa,Low income,2.9401877967742664,66.057,49.49430084,64.2994103409645,6.48,66.9,0.21312264714994494,-1.45666753621881,-1.0501406323104292,-0.8211555173947965,0.1252384025230991,-0.05885240810459607,-0.8561530053392009,-1.3239216581177213
GNB,Guinea-Bissau,Sub-Saharan Africa,Low income,3.0033491511427557,64.254,29.77739906,46.113204421822,2.647,40.5,0.14951959482654092,-1.3564436926120331,-1.304718993755745,-1.5834066740009973,-0.7317604265988289,-0.7413676939480597,-1.9938931741017607,-1.4009772648372052
GNQ,Equatorial Guinea,Sub-Saharan Africa,Upper middle income,3.829007716818966,63.906,63.29930115,71.3574028749806,8.293,66.9,1.6344032070146473,-0.04629643902160311,-1.3538555826536771,-0.2874571924419165,0.45783616175315095,0.2639757195328155,-0.8561530053392009,0.39797111052041173
GRC,Greece,Europe & Central Asia,High income,4.391396488476228,81.8390243902439,86.26968886,78.9967856500534,10.02,100.0,1.9577222606098297,0.8460967792736761,1.1782353574612345,0.6005730262510106,0.8178311009152779,0.5714904335040292,0.5703318274653716,0.7896747305301487
GTM,Guatemala,Latin America & Caribbean,Upper middle income,3.7888769316440647,72.746,60.22140121,55.9547027274763,2.613,100.0,0.7328432562722916,-0.10997559184219273,-0.1056732669705963,-0.4064481381473402,-0.2679939564373134,-0.7474218342346963,0.5703318274653716,-0.6942759823581345
GUY,Guyana,Latin America & Caribbean,High income,4.4723943042275565,70.319,83.00080109,26.477717988557,11.874,98.9,1.406718405410894,0.9746233521997572,-0.44835861540530547,0.47419853236242926,-1.657054518030795,0.9016191420753263,0.5229259871002652,0.12212915188021801
HND,Honduras,Latin America & Caribbean,Lower middle income,3.534842476468014,73.044,58.62269974,58.7850728104829,4.91,95.6,0.693392408911517,-0.5130750782426806,-0.06359653279937905,-0.4682535910614306,-0.1346168321540555,-0.33841123898751757,0.3807084660049448,-0.7420709995457552
HRV,Croatia,Europe & Central Asia,High income,4.381123022417247,78.9292682926829,83.63240029,57.5158981711443,5.0,100.0,1.6402899829264344,0.8297949398674509,0.767386250682201,0.49861602077330675,-0.19442486384028815,-0.3223855735228915,0.5703318274653716,0.40510298663223604
HTI,Haiti,Latin America & Caribbean,Lower middle income,3.3309458244139103,65.119,47.8614006,55.0372652481002,14.609,51.3,0.265257499446071,-0.8366163697766524,-1.182583506983589,-0.8842830873573904,-0.31122687973718144,1.3886213092503519,-1.528454014153441,-1.2607598674778338
HUN,Hungary,Europe & Central Asia,High income,4.367212867114411,76.7243902439025,93.77898628,70.491825943218,4.5,100.0,1.7542381273578178,0.8077224361417711,0.4560638763919844,0.890880839697701,0.41704709226094394,-0.41141704832636966,0.5703318274653716,0.5431520752054383
IDN,Indonesia,East Asia & Pacific,Upper middle income,3.6924441942617423,71.288,72.78075544,58.7509635387997,3.301,99.4,1.1505884540222446,-0.262994153375778,-0.31153863080158395,0.07909377887713427,-0.1362241825835332,-0.6249145249051102,0.5444740963571318,-0.18817433328792882
IND,India,South Asia,Lower middle income,3.430516515787038,72.235,64.9434967,35.3788972368389,4.173,99.5,1.0192079502370268,-0.678618532336713,-0.17782498227761545,-0.22389294823872466,-1.2375992326624174,-0.4696436328478444,0.5487837182085049,-0.3473428646786182
IRL,Ireland,Europe & Central Asia,High income,5.052674528030735,83.009756097561,97.18769836,64.3470379255585,4.3,100.0,2.1490291498960654,1.895406558640463,1.3435392730135707,1.0226609111566525,0.1274827840291942,-0.44702963824776093,0.5703318274653716,1.0214445573713624
IRN,"Iran, Islamic Rep.","Middle East, North Africa, Afghanistan & Pakistan",Upper middle income,3.7151815487744053,77.854,85.3404007,77.0201263427734,8.146,100.0,2.1171345809286497,-0.2269147328900471,0.6155614919105332,0.5646469470584384,0.7246838705669811,0.23780046594059323,0.5703318274653716,0.9828040319081481
IRQ,Iraq,"Middle East, North Africa, Afghanistan & Pakistan",Upper middle income,3.783446924590119,72.424,81.47450256,69.8861494108913,15.293,100.0,1.7356249984886898,-0.11859187601151751,-0.15113873141063452,0.41519216144268545,0.3885054557404726,1.5104163667815098,0.5703318274653716,0.520602120673919
ISL,Iceland,Europe & Central Asia,High income,4.934703081901383,82.809756097561,98.209198,94.1819039916522,3.6,100.0,1.9792377519177349,1.7082105764587991,1.3152998541067151,1.0621518662139344,1.5334079890626928,-0.5716737029726303,0.5703318274653716,0.815740920375386
ISR,Israel,"Middle East, North Africa, Afghanistan & Pakistan",High income,4.733812423100289,83.1975609756098,88.18242225,91.536188843818,3.595,100.0,2.0764876628507376,1.389439166772437,1.3700567761334281,0.674518885244218,1.4087324633392397,-0.5725640177206651,0.5703318274653716,0.9335599654780508
ITA,Italy,Europe & Central Asia,High income,4.606223758522808,83.9512195121951,89.2207202,69.6047535143071,6.5,100.0,1.8564207172850702,1.1869826727269177,1.4764711717702326,0.7146592593313961,0.37524507834429793,-0.05529114911245702,0.5703318274653716,0.6669471003714764
JAM,Jamaica,Latin America & Caribbean,Upper middle income,3.889514633666519,71.606,90.10870361,58.9301585439922,3.151,97.7,1.390691354823264,0.049715368069772656,-0.26663795473968155,0.7489885058262084,-0.1277798753807415,-0.6516239673461538,0.4712105248837851,0.1027122518755737
JOR,Jordan,"Middle East, North Africa, Afghanistan & Pakistan",Lower middle income,3.6644629496420675,77.981,95.62244985,92.9501393764286,16.693,100.0,1.2121957633290759,-0.30739452940831496,0.6334935229163867,0.962148742437839,1.4753628510226948,1.759704496231249,0.5703318274653716,-0.1135365851991322
JPN,Japan,East Asia & Pacific,High income,4.511710648545825,84.0363414634146,85.54153081,92.1901718034531,2.5,100.0,2.2744760834646467,1.0370101579220579,1.488490143963516,0.5724225935918782,1.4395504708535527,-0.7675429475402823,0.5703318274653716,1.173424520975544
KAZ,Kazakhstan,Europe & Central Asia,Upper middle income,4.150898598030704,74.531,93.39167254,62.072531584162,4.833,100.0,2.5371716274111784,0.4644769865892264,0.14636354677310434,0.875907374313604,0.020299940060873725,-0.35212208610725315,0.5703318274653716,1.4916822740528488
KEN,Kenya,Sub-Saharan Africa,Lower middle income,3.3288757044983206,63.834,34.97622513,31.8937831721599,5.487,76.2,0.3122395395665086,-0.8399012166065178,-1.364021773460145,-1.3824211830212898,-1.401830226530274,-0.23566891706430376,-0.4553581731614812,-1.2038407500117163
KGZ,Kyrgyz Republic,Europe & Central Asia,Lower middle income,3.3838486407864568,72.4,92.0286026,34.7219977865937,3.491,100.0,0.995838554042317,-0.7526706778659464,-0.1545274616794575,0.8232113853649717,-1.2685546756071393,-0.5910825644797886,0.5703318274653716,-0.37565507512561175
KHM,Cambodia,East Asia & Pacific,Lower middle income,3.419605479654574,70.817,68.47530365,40.8727033252729,0.254,95.0,0.5222013298957113,-0.6959320619445186,-0.37804246232723276,-0.08735405574000057,-0.9787115126979636,-1.1674723323575062,0.35485073489670504,-0.9494703613161967
KOR,"Korea, Rep.",East Asia & Pacific,High income,4.5591718895732605,83.6292682926829,97.89563777,81.1682528469686,2.784,100.0,2.5824646188971565,1.112321209207721,1.4310125949933399,1.0500296955681558,0.9201583732175344,-0.7169730698519068,0.5703318274653716,1.5465550955857896
KWT,Kuwait,"Middle East, North Africa, Afghanistan & Pakistan",High income,4.514783013625283,84.580487804878,99.74729919,100.0,2.151,100.0,3.0769203654746513,1.041885357960202,1.5653220263796095,1.1216145254154997,1.807577405654679,-0.8296869169531101,0.5703318274653716,2.1455921882512983
LAO,Lao PDR,East Asia & Pacific,Lower middle income,3.3271502377674804,69.225,65.59269714,39.5552154401406,1.174,96.5,1.2909024409769025,-0.8426391710014081,-0.6028282368258147,-0.1987949996978837,-1.0407962366893626,-1.0036544187191065,0.419495062667305,-0.01818281556885844
LBN,Lebanon,"Middle East, North Africa, Afghanistan & Pakistan",Lower middle income,3.541295224641813,77.945,80.63400269,90.703695784554,10.985,100.0,1.7282141849057688,-0.502835918074713,0.6284104275131523,0.3826986183301091,1.3695024238129405,0.743321179874742,0.5703318274653716,0.5116238607310886
LBR,Liberia,Sub-Saharan Africa,Low income,2.9301834913920657,62.324,32.23360062,55.5387986654968,2.914,32.5,0.23661329832075118,-1.4725422739923297,-1.5772293862069164,-1.4884504531475224,-0.28759283790430024,-0.6938248864030023,-2.3386629222116273,-1.2954625462971372
LBY,Libya,"Middle East, North Africa, Afghanistan & Pakistan",Upper middle income,3.8175101099566473,71.121,81.95449829,87.8854066107749,19.085,73.2,2.262342800556734,-0.06454073355174231,-0.33511854558880977,0.4337486925062863,1.2366945950225812,2.1856310716910885,-0.5846468287026811,1.1587249516653408
LCA,St. Lucia,Latin America & Caribbean,Upper middle income,4.1517261606681455,72.846,68.20500183,29.0973354237452,10.199,100.0,1.1641435124820811,0.4657901552060024,-0.09155355751716657,-0.09780386561513814,-1.533608809525943,0.6033637014836744,0.5703318274653716,-0.17175227152224792
LKA,Sri Lanka,South Asia,Lower middle income,3.6547123745168095,77.672,54.59,20.2996997058686,4.239,100.0,0.6922238194601765,-0.32286665039433243,0.589863620705293,-0.6241568904417921,-1.9481847547661473,-0.4578914781737853,0.5703318274653716,-0.7434867550148664
LSO,Lesotho,Sub-Saharan Africa,Lower middle income,2.987625031018716,57.798,51.79660034,43.6780334209246,16.34,57.3,0.7779265920241252,-1.3813945786708055,-2.216287436069091,-0.7321491168806445,-0.8465143618484053,1.6968482750199931,-1.2698767030710412,-0.6396571604243728
LTU,Lithuania,Europe & Central Asia,High income,4.468111195563301,77.1951219512195,89.16116293,68.8285833315315,6.851,100.0,1.6314137347084998,0.9678269556181899,0.5225298257703084,0.7123567881597916,0.3386691734636714,0.007208946199584643,0.5703318274653716,0.39434934090548834
LUX,Luxembourg,Europe & Central Asia,High income,5.139191481118847,83.1951219512195,98.7606147,94.8438702866393,6.4,100.0,2.793016648868254,2.0326908468311498,1.3697123929760198,1.0834695165241535,1.5646021997872612,-0.07309744407315259,0.5703318274653716,1.8016405643294306
LVA,Latvia,Europe & Central Asia,High income,4.369384429602187,76.4292682926829,92.70757011,68.4839492628509,6.9,100.0,1.6012373955160937,0.8111682510919614,0.41439351434648797,0.8494601223912176,0.3224287880502454,0.01593403073032557,0.5703318274653716,0.3577904645606786
MAR,Morocco,"Middle East, North Africa, Afghanistan & Pakistan",Lower middle income,3.6183822530580274,75.493,91.2,62.7998124018197,9.103,100.0,1.0509976688307603,-0.3805149457436912,0.2821951517150852,0.7911777881363456,0.05457200384078696,0.40820670871445025,0.5703318274653716,-0.3088293662819317
MDA,Moldova,Europe & Central Asia,Upper middle income,3.8794511954885142,71.332,77.3687973,43.516471862793,1.427,100.0,1.4286391743705629,0.033746798931521375,-0.3053259586420758,0.2564664844555595,-0.8541277181892218,-0.9586044924685465,0.5703318274653716,0.14868633884282167
MDG,Madagascar,Sub-Saharan Africa,Low income,2.7363865420793836,63.835,18.67790031,32.4339893339844,3.051,39.4,0.11561897974760096,-1.7800574521195853,-1.363880576365611,-2.0125108940422347,-1.3763737871703332,-0.6694302623068493,-2.0412990144668677,-1.4420481312130655
MDV,Maldives,South Asia,Upper middle income,4.126435058978116,81.285,85.23999786,41.9982152717385,4.278,100.0,1.6168523515908904,0.42565847269589424,1.1000087232576654,0.5607653949885195,-0.9256733790392834,-0.45094702313911406,0.5703318274653716,0.37670810876623506
MEX,Mexico,Latin America & Caribbean,Upper middle income,4.151853257812539,75.264,83.12233799,79.7538805976118,2.678,99.7,1.5665398553764418,0.4659918317604392,0.249861017066734,0.47889712261910494,0.8535081127382182,-0.7358477425102441,0.5574029619112517,0.3157541170982991
MKD,North Macedonia,Europe & Central Asia,Upper middle income,3.9681024995517515,76.6165853658537,93.6,62.5645376928533,12.265,100.0,1.5895269730381885,0.17441785519378794,0.44084214083486944,0.8839612688407301,0.043485021157170956,0.9712417553716463,0.5703318274653716,0.3436031940443479
MLI,Mali,Sub-Saharan Africa,Low income,3.039263177662165,60.675,36.80149841,31.6075621182225,2.924,54.5,0.24288639035068998,-1.2994556528025725,-1.8100633950939529,-1.311856512956661,-1.4153179825352913,-0.6920442569069328,-1.3905461149094942,-1.2878626451176112
MLT,Malta,"Middle East, North Africa, Afghanistan & Pakistan",High income,4.642450454223748,82.9560975609756,93.86029816,95.6546264490509,3.1,100.0,1.435827412781055,1.2444668530555876,1.3359628435507522,0.8940243393847915,1.602807919274841,-0.6607051777761085,0.5703318274653716,0.15739494718363486
MMR,Myanmar,East Asia & Pacific,Lower middle income,3.133235439881761,67.095,45.4477005,30.4499084074136,2.887,76.8,0.48373853160068775,-1.150341350136978,-0.9035780481838416,-0.9775962109634412,-1.4698707506664168,-0.6986325860423902,-0.42950044205324145,-0.9960683491561858
MNE,Montenegro,Europe & Central Asia,Upper middle income,4.122652513975765,77.890243902439,88.88258428,65.5422314706266,13.206,100.0,1.6139764913903671,0.4196563658294153,0.6206790256295037,0.701586997827738,0.1838045629231258,1.138798990951792,0.5703318274653716,0.37322398112618166
MNG,Mongolia,East Asia & Pacific,Upper middle income,3.8293443125392854,72.3980487804878,85.12349701,70.9566040039062,5.158,100.0,2.034116424098418,-0.045762332095472105,-0.1548029682053798,0.5562614973351777,0.43894909070868393,-0.29425162748499234,0.5703318274653716,0.8822268707562009
MOZ,Mozambique,Sub-Saharan Africa,Low income,2.8174178196447124,63.797,20.52729988,36.4332337447237,6.668,36.0,0.20605306594404,-1.651477782301478,-1.3692460659579144,-1.9410135068264875,-1.1879151393020373,-0.025376573578488333,-2.1878261574135607,-1.3324865123059095
MRT,Mauritania,Sub-Saharan Africa,Lower middle income,3.3243072298319594,68.713,45.77939987,60.6068586411829,10.257,50.3,0.6534448042408524,-0.8471504292787423,-0.6751211492273688,-0.9647727850900865,-0.04876779191100763,0.6136913525608778,-1.5715502326671744,-0.7904678421884072
MUS,Mauritius,Sub-Saharan Africa,Upper middle income,4.07884743104344,73.7890243902439,73.30793533,39.0162147027917,5.548,100.0,1.4500513992040702,0.3501468718534357,0.04159874646023689,0.09947443935694927,-1.0661958721525049,-0.22480707713827944,0.5703318274653716,0.1746274205281857
MWI,Malawi,Sub-Saharan Africa,Low income,2.718144801024875,67.561,18.96159935,17.268503531213,5.051,15.6,0.08133686472772521,-1.8090032754136232,-0.8377802021308635,-2.001543150540696,-2.091025520128008,-0.3133043630929367,-3.0669890150937205,-1.4835811878194012
MYS,Malaysia,East Asia & Pacific,Upper middle income,4.074612675414401,76.821,98.0206059,76.9170296648992,3.846,100.0,2.113946302323911,0.34342720141379357,0.4697048932566164,1.0548609364342056,0.7198255877224247,-0.527870217369319,0.5703318274653716,0.9789414068720148
NAM,Namibia,Sub-Saharan Africa,Lower middle income,3.644746477039535,67.516,64.87460327,50.4088030252155,19.157,56.7,0.9741804199861932,-0.3386804428652208,-0.8441340713849066,-0.2265563533358347,-0.5293365131199257,2.198451604062789,-1.295734434179281,-0.40189407780146974
NER,Niger,Sub-Saharan Africa,Low income,2.8664469976203786,61.433,15.55760002,18.0497398450803,0.376,20.1,0.09822286183669567,-1.573678743399717,-1.7030359974369644,-2.1331410281043603,-2.054210881097275,-1.1457486525054574,-2.8730560317819207,-1.4631236672325099
NGA,Nigeria,Sub-Saharan Africa,Lower middle income,3.035093547443402,54.635,41.21139908,62.9755675573659,3.045,61.2,0.4932348834527125,-1.3060719828531497,-2.6628938460810354,-1.1413707072386614,0.06285421307040381,-0.6704986400044911,-1.101801450867481,-0.9845634429158574
NIC,Nicaragua,Latin America & Caribbean,Lower middle income,3.4544697820833963,75.1,61.39550018,59.2628402709961,4.98,88.3,0.5955631960100999,-0.6406097144581118,0.22670469356311101,-0.3610577260106599,-0.11210272689907252,-0.32594683251503054,0.06610607085469168,-0.8605918736176176
NLD,Netherlands,Europe & Central Asia,High income,4.8294351472783035,81.9658536585366,97.00679779,95.6396517079336,3.7,100.0,2.2796054451612227,1.5411724069648365,1.1961432816460724,1.0156673342624827,1.602102256111178,-0.5538674080119347,0.5703318274653716,1.1796387837062636
NOR,Norway,Europe & Central Asia,High income,4.938446836885757,83.1609756097561,99.0,83.3293737928469,4.0,100.0,2.083354026506242,1.7141511316892482,1.3648910287724103,1.0927241004255963,1.0219980933022554,-0.5004485231298478,0.5703318274653716,0.9418786199781716
NPL,Nepal,South Asia,Lower middle income,3.1605615761975105,70.636,46.32189941,66.772343163029,10.5,94.0,0.35657142247681334,-1.1069804938052856,-0.40359913643793804,-0.9437998702560332,0.24177180934962836,0.6569606493153682,0.3117545163829717,-1.1501323192071518
NZL,New Zealand,East Asia & Pacific,High income,4.6920108179294235,82.009756097561,93.51930237,83.9370658833132,4.724,100.0,2.0245449964906417,1.3231087724823614,1.2023421784792854,0.8808415159257329,1.0506347101046696,-0.3715309476144114,0.5703318274653716,0.870631009637167
OMN,Oman,"Middle East, North Africa, Afghanistan & Pakistan",High income,4.307179878203809,80.246,95.25174678,79.4440302814714,3.203,100.0,2.8307022333076395,0.7124626534474147,0.9533049420365428,0.9478174419618388,0.8389068616957523,-0.642364693966592,0.5703318274653716,1.847296951365539
PAK,Pakistan,"Middle East, North Africa, Afghanistan & Pakistan",Lower middle income,3.169901447784109,67.799,57.253,39.1734368360905,5.492,95.6,0.6513961858772975,-1.0921600733351755,-0.8041752936317037,-0.5212058866435519,-1.058787004973271,-0.234778602316269,0.3807084660049448,-0.7929497597249702
PAN,Panama,Latin America & Caribbean,High income,4.282423131207166,79.775,72.77149963,65.9958447685488,8.451,97.0,1.2334063219775937,0.6731788799436283,0.886801110510896,0.07873595126524328,0.20518043796390475,0.2921096655707148,0.44104317192417164,-0.08783982371022914
PER,Peru,Latin America & Caribbean,Upper middle income,3.9269785857450477,77.941,81.95705992,85.1912729600355,5.199,96.2,0.9938798272024902,0.10916281519233584,0.6278456391350165,0.43384772456781834,1.109737416903787,-0.2869510465511072,0.40656619711318515,-0.37802808836203866
PHL,Philippines,East Asia & Pacific,Lower middle income,3.600409966050582,69.946,67.26300914,55.4520983215477,2.202,98.0,0.832651421787083,-0.4090332018878142,-0.5010251316665946,-0.13422109918859115,-0.2916784670662705,-0.8206057065231553,0.484139390437905,-0.5733575913633846
PNG,Papua New Guinea,East Asia & Pacific,Lower middle income,3.4780909129355226,66.256,18.81159973,15.4061816403333,2.625,20.5,0.5844926593263177,-0.6031279259814574,-1.0220424104981067,-2.007342103394002,-2.1787847639762314,-0.7452850788394128,-2.855817544376427,-0.874003917375229
POL,Poland,Europe & Central Asia,High income,4.399735412202107,78.409756097561,88.58496367,59.9705468695101,2.807,100.0,2.223051749819658,0.8593289050839531,0.6940326381558594,0.6900810494422533,-0.07875307007758206,-0.7128776220109466,0.5703318274653716,1.1111235293657171
PRT,Portugal,Europe & Central Asia,High income,4.466752614988361,82.3829268292683,88.48704454,61.3281907341332,6.5,100.0,1.7648357160805583,0.9656711727279814,1.2550328015615901,0.6862955170635264,-0.014776053237478779,-0.05529114911245702,0.5703318274653716,0.5559911387246248
PRY,Paraguay,Latin America & Caribbean,Upper middle income,3.807270927159773,73.982,81.57806793,69.8622585886961,5.686,99.8,0.8372562520363322,-0.08078817259980536,0.06884634187378083,0.41919597623811766,0.38737963506412654,-0.20023439009251948,0.5617125837626248,-0.5677788026773961
QAT,Qatar,"Middle East, North Africa, Afghanistan & Pakistan",High income,4.8847313428326595,82.522,98.08540344,99.3219891728394,0.13,100.0,3.581841760606653,1.6289158904714913,1.2746695291965775,1.0573659953101557,1.7756271193996982,-1.1895521381087688,0.5703318274653716,2.7573084978666462
ROU,Romania,Europe & Central Asia,High income,4.302768242188689,76.4585365853659,91.29048551,52.1674778928768,5.4,100.0,1.5779746462610018,0.7054623108732221,0.4185261122353066,0.7946759383743085,-0.4464614863500228,-0.2511603936801089,0.5703318274653716,0.3296074577342165
RUS,Russian Federation,Europe & Central Asia,High income,4.17286607113489,73.4404878048781,94.36495368,75.1119136177067,2.43,100.0,2.489578742636937,0.49933476649029235,-0.007613606732313883,0.9135342125940754,0.6347620870807187,-0.7800073540127693,0.5703318274653716,1.4340231134018404
RWA,Rwanda,Sub-Saharan Africa,Low income,2.999849952115494,68.017,31.70330048,29.8849714294083,11.331,63.9,0.08294592133259861,-1.361996188747743,-0.773394327023231,-1.5089517418171987,-1.4964925942126077,0.8049309604387489,-0.9854416608804012,-1.481631802870011
SAU,Saudi Arabia,"Middle East, North Africa, Afghanistan & Pakistan",High income,4.545575069809135,78.982,100.0,84.4554020211443,3.518,100.0,2.8926931573513004,1.090745903370563,0.7748318145452069,1.1313838840524235,1.075060556000611,-0.5862748648404008,0.5703318274653716,1.9223994517769545
SEN,Senegal,Sub-Saharan Africa,Lower middle income,3.2487622044768067,68.924,60.11780167,55.2368169057304,2.788,74.2,0.48215503581001956,-0.9670245656421341,-0.6453285622806328,-0.4104532739475792,-0.30182329453096673,-0.7162608180534789,-0.5415506101889478,-0.9979867669746776
SGP,Singapore,East Asia & Pacific,High income,4.957483093798813,83.3463414634146,94.37757178,100.0,2.737,100.0,2.240617645929605,1.7443576852818414,1.3910641487348594,0.914022025609857,1.807577405654679,-0.7253420284834337,0.5703318274653716,1.1324047530315402
SLB,Solomon Islands,East Asia & Pacific,Lower middle income,3.286356616426713,70.694,29.04070091,30.6617188562194,1.444,81.3,0.41988559552014604,-0.9073701060215551,-0.39540970495494854,-1.6118872650782812,-1.4598894875360298,-0.9555774223252281,-0.23556745874144153,-1.0734266920465325
SLE,Sierra Leone,Sub-Saharan Africa,Low income,2.906687641885384,61.964,25.10499954,45.3626823156371,3.103,35.5,0.12664827809092297,-1.509825267207257,-1.628060340239259,-1.7640406284622878,-0.7671277027140498,-0.6601709889272876,-2.2093742666704275,-1.428686048034832
SLV,El Salvador,Latin America & Caribbean,Upper middle income,3.7466077117430667,72.302,66.47769928,75.0674905102199,3.261,98.3,0.7395007017239101,-0.17704799279203015,-0.1683647769438173,-0.1645810084562049,0.63266871195501,-0.6320370428893886,0.49706825599202487,-0.6862104339333843
SOM,"Somalia, Fed. Rep.",Sub-Saharan Africa,Low income,2.799022570494881,58.967,27.94020081,54.6176465524521,18.949,50.3,0.04368477892748929,-1.6806671907987119,-2.051228032558512,-1.6544323608255826,-0.3310008079796615,2.1614145105445424,-1.5715502326671744,-1.529196990986188
SRB,Serbia,Europe & Central Asia,Upper middle income,4.136060908791372,75.9682926829268,87.69071294,62.3830029804177,7.24,100.0,2.0178217162123713,0.44093268072882696,0.3493050975977555,0.6555095097123215,0.03493045861158035,0.07647543359669069,0.5703318274653716,0.862485701793244
STP,Sao Tome and Principe,Sub-Saharan Africa,Lower middle income,3.542896206819567,69.905,59.11759949,68.8710170184884,9.057,81.3,0.5104696868487197,-0.500295494598922,-0.5068142125424998,-0.4491208738094597,0.34066880000474725,0.40001581303253037,-0.23556745874144153,-0.9636833407217418
SUR,Suriname,Latin America & Caribbean,Upper middle income,3.84272089132989,73.757,87.4,65.7641857200885,7.621,99.6,1.4972726816048236,-0.024536502565570464,0.037076995603567454,0.644270610354403,0.1942638380876762,0.1443174173969411,0.5530933400598781,0.23183638193086378
SVK,Slovak Republic,Europe & Central Asia,High income,4.4148509741108315,78.3707317073171,89.82507032,53.1919702985684,5.3,100.0,1.9542517572044047,0.8833141366850723,0.6885225076374493,0.7380233042054427,-0.3981837534338983,-0.26896668864080464,0.5703318274653716,0.785470187890162
SVN,Slovenia,Europe & Central Asia,High income,4.53530718500266,82.2853658536585,90.76355487,55.7577708405917,3.7,100.0,2.050874271649156,1.0744529202433686,1.2412574752655567,0.7743049138455629,-0.27727408871049053,-0.5538674080119347,0.5703318274653716,0.9025291371280862
SWE,Sweden,Europe & Central Asia,High income,4.756769097176987,84.0634146341463,95.52930428,88.8559748346228,8.4,100.0,1.512488397568543,1.4258666014815085,1.4923127970106622,0.9585477548558419,1.282431228332396,0.28302845514076,0.5703318274653716,0.2502703435478962
SWZ,Eswatini,Sub-Saharan Africa,Lower middle income,3.592127763080529,64.264,63.40309906,26.2498461258639,34.643,86.4,0.6588028621817962,-0.42217532373573174,-1.3033070228104036,-0.2834443877003995,-1.6677926522181055,4.955934441676114,-0.015776744321401255,-0.783976512128047
SYR,Syrian Arab Republic,"Middle East, North Africa, Afghanistan & Pakistan",Low income,3.0218801031174367,72.56,33.77000046,72.0761345758254,13.359,88.4,0.8860752137989598,-1.3270389521474797,-0.13193592655397235,-1.4290535677688307,0.49170536068421966,1.1660426222416564,0.07041569270606537,-0.5086342399462405
TCD,Chad,Sub-Saharan Africa,Low income,2.982976278415203,55.238,12.62689972,26.9315292389497,1.053,12.0,0.0641263311808733,-1.3887711756193584,-2.5777519980768613,-2.2464412675774375,-1.635669314764206,-1.025200035621548,-3.2221354017431603,-1.5044318868971043
TGO,Togo,Sub-Saharan Africa,Low income,3.0489781658263078,62.935,39.48320007,43.8148491605996,1.948,59.2,0.24188540616690016,-1.2840400008720545,-1.4909579614464676,-1.208182507029358,-0.8400671166545352,-0.8658336957233221,-1.1879938878949476,-1.2890753454642285
THA,Thailand,East Asia & Pacific,Upper middle income,3.8660875898642644,76.564,90.86718789,61.8689338391321,0.781,100.0,1.5288122735880805,0.012541555100086775,0.4334172399613044,0.7783113439753576,0.010705688798226708,-1.0736331579146403,0.5703318274653716,0.2700468499379242
TJK,Tajikistan,Europe & Central Asia,Lower middle income,3.1274942863715247,71.927,55.79339981,26.1788063651548,7.041,100.0,0.5808465620208209,-1.1594513585794102,-0.22131368739417426,-0.5776337141706277,-1.6711402988916058,0.04104090662490641,0.5703318274653716,-0.8784211934299183
TLS,Timor-Leste,East Asia & Pacific,Lower middle income,3.1244946105887106,67.904,35.04199982,28.6641074179574,1.523,100.0,0.40652022782739866,-1.1642112159246762,-0.7893495987056052,-1.3798783477377683,-1.5540240569587334,-0.9415104493062787,0.5703318274653716,-1.089618941930343
TON,Tonga,East Asia & Pacific,Upper middle income,3.7521709346898775,73.07,67.4417038,21.1505271125521,1.965,100.0,1.0295497230605057,-0.16822032289568983,-0.059925408341488164,-0.12731280229772152,-1.9080907354553294,-0.862806625580004,0.5703318274653716,-0.3348137241679354
TTO,Trinidad and Tobago,Latin America & Caribbean,High income,4.272616862332774,73.617,82.15989685,53.961056681951,3.318,98.7,2.643801558345503,0.6576183846398208,0.017309402368767445,0.4416893563931478,-0.36194166242365944,-0.621887454761792,0.5143067433975185,1.6208652884280508
TUN,Tunisia,"Middle East, North Africa, Afghanistan & Pakistan",Lower middle income,3.621294490723531,76.711,76.5,70.3585355691955,15.341,100.0,1.2664192862892292,-0.3758938343813484,0.45417321285784507,0.22287896882198807,0.41076597485919514,1.5189633883626437,0.5703318274653716,-0.04784435334023746
TUR,Turkiye,Europe & Central Asia,Upper middle income,4.201198115283152,77.421,87.3078767,89.3443122873887,8.8,100.0,1.8038350263452227,0.5442917879184508,0.5544231499771887,0.6407091435094132,1.3054434292883004,0.3542536349835426,0.5703318274653716,0.6032391151079738
TZA,Tanzania,Sub-Saharan Africa,Lower middle income,3.07434713411717,67.212,31.16209984,36.1684458862992,1.557,48.3,0.18366373252683388,-1.2437847603714305,-0.8870579881233296,-1.529874441458299,-1.2003928867576867,-0.935456309019642,-1.657742669694641,-1.359611368857374
UGA,Uganda,Sub-Saharan Africa,Low income,3.032583622881833,68.487,8.949831061,31.2777698213557,2.74,51.5,0.13756553408978164,-1.3100547075625648,-0.7070316925921171,-2.3885959463153643,-1.4308589707724686,-0.7248078396346127,-1.5198347704506943,-1.4154597050532636
UKR,Ukraine,Europe & Central Asia,Upper middle income,3.731546312198554,74.692,82.47489929,69.5315643200148,9.834,100.0,1.6292990086262324,-0.20094728006256268,0.16909627899312246,0.45386728256547043,0.37179614270088995,0.5383707248771353,0.5703318274653716,0.39178733333883786
URY,Uruguay,Latin America & Caribbean,High income,4.37851624011777,78.287,91.99109007,95.5981951588181,8.209,100.0,1.0718352704594512,0.825658522209662,0.6766998338438797,0.8217611590718769,1.6001486757872019,0.24901843176583127,0.5703318274653716,-0.28358444520623605
USA,United States,North America,High income,4.927031629040928,78.890243902439,94.69380188,80.1247798047184,4.022,100.0,2.782688148592707,1.6960375871457867,0.7618761201637889,0.9262474128521468,0.8709862050696174,-0.49653113823849476,0.5703318274653716,1.7891275036167489
UZB,Uzbekistan,Europe & Central Asia,Lower middle income,3.4999206738367805,72.528,89.50550079,50.9986686706543,4.439,100.0,1.495686933262269,-0.5684886665099647,-0.13645423357906897,0.7256688153219162,-0.5015399419314182,-0.422278888252394,0.5703318274653716,0.22991523512774104
VCT,St. Vincent and the Grenadines,Latin America & Caribbean,Upper middle income,4.060744157041254,71.382,76.19010162,47.8487050456749,18.093,100.0,1.2997957682299455,0.321420766776898,-0.29826610391535996,0.21089836450488358,-0.6499774527781718,2.0089926256809876,0.5703318274653716,-0.007408478454443263
VEN,"Venezuela, RB",Latin America & Caribbean,Not classified,3.625064464551346,72.673,76.67890167,89.285859883201,5.321,100.0,1.729007929867925,-0.3699116753364962,-0.11598065487159817,0.22979526867466615,1.302688943708903,-0.26522736669905855,0.5703318274653716,0.5125854891027662
VNM,Viet Nam,East Asia & Pacific,Lower middle income,3.6736926021952736,74.736,84.15,38.4900703430176,1.602,99.8,1.3027545739429915,-0.29274900346470245,0.17530895115263256,0.5186263135672151,-1.0909896692908567,-0.927443476287329,0.5617125837626248,-0.003823861662397488
YEM,"Yemen, Rep.","Middle East, North Africa, Afghanistan & Pakistan",Low income,2.8020119838893764,69.439,17.49099922,36.8077517596594,16.97,83.6,0.24148567672629467,-1.675923617714798,-0.5726120585954778,-2.0583962333680796,-1.1702665158501755,1.8090279332723755,-0.13644615615985503,-1.289559620879391
ZAF,South Africa,Sub-Saharan Africa,Upper middle income,3.797072640466767,66.312,78.35759735,63.6917984858172,32.279,87.7,2.12724369242105,-0.09697071809453593,-1.0141353732041871,0.2946932804387556,0.09660556669483365,4.534993628805271,0.040248339746451936,0.995051301354919
ZMB,Zambia,Sub-Saharan Africa,Lower middle income,3.0744907561700847,66.528,17.10099983,45.4703838491279,5.898,51.1,0.35811653935645293,-1.243556862247432,-0.9836368007847803,-2.0734735254000745,-0.7620524226635201,-0.16248504477584477,-1.5370732578561874,-1.1482603977464054
ZWE,Zimbabwe,Sub-Saharan Africa,Lower middle income,3.397453904011681,63.064,41.64279938,39.8933716820696,9.435,62.0,0.5967053983294871,-0.7310819740240574,-1.472743536251545,-1.1246928649841132,-1.0248611095560891,0.4673236079839599,-1.0673244760564944,-0.8592080863699669
