country_code,country_name,region,income_level,capital_city,latitude,longitude,gdp_per_capita,gdp_per_capita_year,life_expectancy,life_expectancy_year,internet_users_pct,internet_users_pct_year,urban_population_pct,urban_population_pct_year,unemployment_pct,unemployment_pct_year,electricity_access_pct,electricity_access_pct_year,co2_mt_total_2018,population_2018,co2_tons_per_capita_2018
ABW,Aruba,Latin America & Caribbean,High income,Oranjestad,12.5167,-70.0167,39498.5941293797,2024.0,76.5,2024,,,61.7909396819594,2024,,,100.0,2023.0,,,
AFG,Afghanistan,"Middle East, North Africa, Afghanistan & Pakistan",Low income,Kabul,34.5228,69.1761,413.757894705303,2023.0,66.289,2024,16.09499931,2024.0,25.7007352636188,2024,13.687,2024.0,85.3,2023.0,7.44,36743039.0,0.2024873337232666
AGO,Angola,Sub-Saharan Africa,Lower middle income,Luanda,-8.81155,13.242,2665.87444776753,2024.0,64.805,2024,40.70479965,2024.0,70.6551379036435,2024,14.02,2024.0,51.1,2023.0,27.34,31297155.0,0.8735618301407908
ALB,Albania,Europe & Central Asia,Upper middle income,Tirane,41.3317,19.8172,11377.7757431099,2024.0,79.776,2024,85.86389923,2024.0,58.5463634043555,2024,10.689,2024.0,100.0,2023.0,5.56,2607733.0,2.132120121193389
AND,Andorra,Europe & Central Asia,High income,Andorra la Vella,42.5075,1.5218,49303.6491674336,2024.0,84.188,2024,94.39759827,2024.0,88.8850044816278,2024,,,100.0,2023.0,0.46,75162.0,6.120113887336686
ARE,United Arab Emirates,"Middle East, North Africa, Afghanistan & Pakistan",High income,Abu Dhabi,24.4764,54.3705,50273.5060469837,2024.0,83.069,2024,100.0,2024.0,85.8171088279791,2024,2.16,2024.0,100.0,2023.0,200.3,9346701.0,21.430021137939473
ARG,Argentina,Latin America & Caribbean,Upper middle income,Buenos Aires,-34.6118,-58.4173,13969.7836603737,2024.0,77.543,2024,89.66715228,2024.0,92.2742315972952,2024,7.15,2024.0,100.0,2023.0,177.41,44654882.0,3.972913868633669
ARM,Armenia,Europe & Central Asia,Upper middle income,Yerevan,40.1596,44.509,8556.21406956719,2024.0,78.319512195122,2024,81.33930206,2024.0,65.8113671449901,2024,12.405,2024.0,100.0,2023.0,5.55,2969000.0,1.8693162681037387
ASM,American Samoa,East Asia & Pacific,High income,Pago Pago,-14.2846,-170.691,18017.4589383973,2022.0,72.992,2024,,,80.9446986961818,2024,,,,,,,
ATG,Antigua and Barbuda,Latin America & Caribbean,High income,Saint John's,17.1175,-61.8456,23542.4526945578,2024.0,77.766,2024,72.73040009,2024.0,24.3906919254799,2024,,,100.0,2023.0,0.53,90926.0,5.828915821657172
AUS,Australia,East Asia & Pacific,High income,Canberra,-35.282,149.129,64603.9856308464,2024.0,83.0512195121951,2024,96.13140106,2024.0,87.6021469990446,2024,3.942,2024.0,100.0,2023.0,386.62,24963258.0,15.487561759767095
AUT,Austria,Europe & Central Asia,High income,Vienna,48.2201,16.3798,58268.8787651601,2024.0,81.9951219512195,2024,94.91974877,2024.0,69.4658181096788,2024,5.2,2024.0,100.0,2023.0,63.18,8840521.0,7.146637624637734
AZE,Azerbaijan,Europe & Central Asia,Upper middle income,Baku,40.3834,49.8932,7283.8499076179,2024.0,74.576,2024,90.43979645,2024.0,58.573795837717,2024,5.648,2024.0,100.0,2023.0,32.02,9939771.0,3.221402183209251
BDI,Burundi,Sub-Saharan Africa,Low income,Bujumbura,-3.3784,29.3639,219.424830882698,2024.0,63.818,2024,8.595999718,2024.0,24.8302838651025,2024,0.915,2024.0,11.6,2023.0,0.59,11859446.0,0.049749372778458624
BEL,Belgium,Europe & Central Asia,High income,Brussels,50.8371,4.36761,56614.5679499036,2024.0,82.3,2024,95.77579144,2024.0,87.6126557010527,2024,5.7,2024.0,100.0,2023.0,93.47,11427054.0,8.179711061136143
BEN,Benin,Sub-Saharan Africa,Lower middle income,Porto-Novo,6.4779,2.6323,1485.38018885134,2024.0,60.961,2024,33.98379898,2024.0,52.5455354818423,2024,1.637,2024.0,57.0,2023.0,7.91,12383347.0,0.6387610716230434
BFA,Burkina Faso,Sub-Saharan Africa,Low income,Ouagadougou,12.3605,-1.53395,981.992649769081,2024.0,61.292,2024,28.25270081,2024.0,28.3352514896662,2024,3.441,2024.0,21.7,2023.0,4.27,20438288.0,0.20892160830691886
BGD,Bangladesh,South Asia,Lower middle income,Dhaka,23.7055,90.4113,2593.41611680774,2024.0,74.93,2024,53.42171316,2024.0,32.6783196323307,2024,3.635,2024.0,99.5,2023.0,82.76,163523103.0,0.5061058558801933
BGR,Bulgaria,Europe & Central Asia,High income,Sofia,42.7105,23.3238,17596.0173663521,2024.0,75.7609756097561,2024,82.438955,2024.0,73.9499356882481,2024,4.2,2024.0,100.0,2023.0,41.13,6710798.0,6.12892833311329
BHR,Bahrain,"Middle East, North Africa, Afghanistan & Pakistan",High income,Manama,26.1921,50.5354,29653.5682731534,2024.0,81.423,2024,100.0,2024.0,100.0,2024,1.084,2024.0,100.0,2023.0,30.75,1503091.0,20.457843204436724
BHS,"Bahamas, The",Latin America & Caribbean,High income,Nassau,25.0661,-77.339,39455.4466548546,2024.0,74.71,2024,92.47270203,2024.0,81.3249262966481,2024,9.049,2024.0,100.0,2023.0,2.26,392717.0,5.754780159758808
BIH,Bosnia and Herzegovina,Europe & Central Asia,Upper middle income,Sarajevo,43.8607,18.4214,9358.78768951134,2024.0,78.044,2024,86.10091103,2024.0,52.1224302754935,2024,10.69,2024.0,100.0,2023.0,22.54,3387000.0,6.654856805432536
BLR,Belarus,Europe & Central Asia,Upper middle income,Minsk,53.9678,27.5766,8317.63399913792,2024.0,74.3653414634147,2024,94.26182128,2024.0,79.1551015210848,2024,3.458,2024.0,100.0,2023.0,59.31,9438785.0,6.283647736440654
BLZ,Belize,Latin America & Caribbean,Upper middle income,Belmopan,17.2534,-88.7713,7681.24400583113,2024.0,73.739,2024,80.00582262,2024.0,41.7532107338224,2024,8.698,2024.0,99.6,2023.0,0.68,380226.0,1.7884100508644858
BMU,Bermuda,North America,High income,Hamilton,32.3293,-64.706,142855.374713782,2024.0,82.49,2024,,,100.0,2024,,,100.0,2023.0,,,
BOL,Bolivia,Latin America & Caribbean,Lower middle income,La Paz,-13.9908,-66.1936,4421.16609889999,2024.0,68.739,2024,79.70469666,2024.0,71.2361453773988,2024,3.274,2024.0,99.8,2023.0,22.71,11508368.0,1.9733466986804733
BRA,Brazil,Latin America & Caribbean,Upper middle income,Brasilia,-15.7801,-47.9292,10310.5488778166,2024.0,76.023,2024,84.46347227,2024.0,87.8958549533146,2024,6.801,2024.0,99.8,2023.0,427.71,206107261.0,2.0751816210880607
BRB,Barbados,Latin America & Caribbean,High income,Bridgetown,13.0935,-59.6105,26544.8707282621,2024.0,76.332,2024,70.36470032,2024.0,59.5397032429174,2024,6.448,2024.0,100.0,2023.0,1.25,280711.0,4.452978330026255
BRN,Brunei Darussalam,East Asia & Pacific,High income,Bandar Seri Begawan,4.94199,114.946,33153.4738913513,2024.0,75.501,2024,96.29828801,2024.0,74.8983133873697,2024,5.18,2024.0,100.0,2023.0,7.14,437810.0,16.308444302322926
BTN,Bhutan,South Asia,Lower middle income,Thimphu,27.5768,89.6177,3831.32535494609,2023.0,73.262,2024,91.27739716,2024.0,42.5645249803412,2024,3.282,2024.0,100.0,2023.0,1.38,759759.0,1.8163654527290891
BWA,Botswana,Sub-Saharan Africa,Upper middle income,Gaborone,-24.6544,25.9201,7695.75319445165,2024.0,69.293,2024,57.45950036,2024.0,67.4623537838418,2024,23.81,2024.0,76.0,2023.0,8.21,2299141.0,3.570898870491197
CAF,Central African Republic,Sub-Saharan Africa,Low income,Bangui,5.63056,21.6407,516.160999996036,2024.0,57.671,2024,13.78250027,2024.0,44.1243555638904,2024,6.253,2024.0,17.6,2023.0,0.33,4878657.0,0.0676415661113294
CAN,Canada,North America,High income,Ottawa,45.4215,-75.6919,54340.3477224733,2024.0,82.1080487804878,2024,94.353302,2024.0,82.7002565766633,2024,6.351,2024.0,100.0,2023.0,574.4,37072620.0,15.493914376701728
CHE,Switzerland,Europe & Central Asia,High income,Bern,46.948,7.44821,103998.186685604,2024.0,84.4073170731707,2024,97.3443985,2024.0,85.4615370020764,2024,4.343,2024.0,100.0,2023.0,37.48,8514329.0,4.401991043569024
CHI,Channel Islands,Europe & Central Asia,High income,,,,74585.5224096294,2023.0,81.2,2024,,,32.7056211227456,2024,6.031,2024.0,100.0,2023.0,,,
CHL,Chile,Latin America & Caribbean,High income,Santiago,-33.475,-70.6475,16709.8893972307,2024.0,81.359,2024,95.590243,2024.0,88.9950908479196,2024,8.718,2024.0,100.0,2023.0,86.62,18893191.0,4.584720495336124
CHN,China,East Asia & Pacific,Upper middle income,Beijing,40.0495,116.286,13303.1481543868,2024.0,78.017,2024,92.0,2024.0,65.8946980998325,2024,4.59,2024.0,100.0,2023.0,10313.46,1402760000.0,7.352262682140922
CIV,Cote d'Ivoire,Sub-Saharan Africa,Lower middle income,Yamoussoukro,5.332,-4.0305,2727.8935220697,2024.0,62.11,2024,41.43219902,2024.0,53.9733113940142,2024,2.273,2024.0,72.4,2023.0,9.91,27464173.0,0.36083373054779405
CMR,Cameroon,Sub-Saharan Africa,Lower middle income,Yaounde,3.8721,11.5174,1830.00833684727,2024.0,63.968,2024,46.25880051,2024.0,55.4031748609078,2024,3.603,2024.0,72.0,2023.0,8.62,24806383.0,0.34749120821040297
COD,"Congo, Dem. Rep.",Sub-Saharan Africa,Low income,Kinshasa,-4.325,15.3222,649.383338556725,2024.0,62.074,2024,19.67350006,2024.0,44.7455804408753,2024,4.421,2024.0,22.1,2023.0,2.2,90047644.0,0.024431510945472378
COG,"Congo, Rep.",Sub-Saharan Africa,Lower middle income,Brazzaville,-4.2767,15.2662,2482.2489948456,2024.0,66.001,2024,47.25159836,2024.0,63.8866111699904,2024,19.895,2024.0,51.3,2023.0,3.22,5483118.0,0.5872571044431288
COL,Colombia,Latin America & Caribbean,Upper middle income,Bogota,4.60987,-74.082,7919.20886825345,2024.0,77.913,2024,79.34543299,2024.0,78.5210811866115,2024,9.619,2024.0,98.7,2023.0,79.49,49024465.0,1.6214353384580535
COM,Comoros,Sub-Saharan Africa,Lower middle income,Moroni,-11.6986,43.2418,1662.75663312504,2024.0,67.023,2024,32.51750183,2024.0,33.5392215673301,2024,3.815,2024.0,89.8,2023.0,0.26,771590.0,0.3369665236718983
CPV,Cabo Verde,Sub-Saharan Africa,Upper middle income,Praia,14.9218,-23.5087,5192.48157325878,2024.0,76.224,2024,74.73519897,2024.0,76.7721471004354,2024,11.883,2024.0,98.6,2023.0,0.62,513415.0,1.2076000895961356
CRI,Costa Rica,Latin America & Caribbean,High income,San Jose,9.63701,-84.0089,18587.1532203482,2024.0,80.996,2024,87.17019653,2024.0,79.3107672397967,2024,6.936,2024.0,100.0,2023.0,8.26,4957818.0,1.6660555107105586
CUB,Cuba,Latin America & Caribbean,Upper middle income,Havana,23.1333,-82.3667,9605.27914559614,2020.0,78.264,2024,70.47699738,2024.0,77.1664929228275,2024,1.755,2024.0,100.0,2023.0,24.97,11227118.0,2.2240792338692796
CUW,Curacao,Latin America & Caribbean,High income,Willemstad,,,22832.8953958667,2024.0,76.989,2024,,,91.4321812441765,2024,,,100.0,2023.0,,,
CYM,Cayman Islands,Latin America & Caribbean,High income,George Town,19.3022,-81.3857,99143.5180243123,2023.0,80.54,2024,,,100.0,2024,,,100.0,2023.0,,,
CYP,Cyprus,Europe & Central Asia,High income,Nicosia,35.1676,33.3736,38674.29296875,2024.0,81.821,2024,89.60099246,2024.0,66.6824259192483,2024,4.9,2024.0,100.0,2023.0,7.23,1270737.0,5.689611619084044
CZE,Czechia,Europe & Central Asia,High income,Prague,50.0878,14.4205,31823.3078290564,2024.0,79.9780487804878,2024,87.68776014,2024.0,72.7947984592185,2024,2.6,2024.0,100.0,2023.0,102.48,10629928.0,9.640704998190015
DEU,Germany,Europe & Central Asia,High income,Berlin,52.5235,13.4115,56103.7323182554,2024.0,80.7926829268293,2024,93.49999579,2024.0,82.0211432579125,2024,3.4,2024.0,100.0,2023.0,709.54,82905782.0,8.558389811702156
DJI,Djibouti,"Middle East, North Africa, Afghanistan & Pakistan",Lower middle income,Djibouti,11.5806,43.1425,3552.72335079222,2024.0,66.202,2024,65.29889679,2024.0,72.9052635052978,2024,26.007,2024.0,65.2,2023.0,0.49,1071882.0,0.4571398717396131
DMA,Dominica,Latin America & Caribbean,Upper middle income,Roseau,15.2976,-61.39,10405.2787777582,2024.0,71.294,2024,82.04689789,2024.0,73.5449839980866,2024,,,100.0,2023.0,0.18,68174.0,2.640302754715874
DNK,Denmark,Europe & Central Asia,High income,Copenhagen,55.6763,12.5681,71026.4832271897,2024.0,82.2536585365854,2024,99.76915157,2024.0,88.6960552688405,2024,5.358,2024.0,100.0,2023.0,33.38,5793636.0,5.761494163596057
DOM,Dominican Republic,Latin America & Caribbean,Upper middle income,Santo Domingo,18.479,-69.8908,10875.6618443092,2024.0,73.868,2024,91.0022446,2024.0,72.4121874752151,2024,5.312,2024.0,99.6,2023.0,25.12,10782053.0,2.3297974884745978
DZA,Algeria,"Middle East, North Africa, Afghanistan & Pakistan",Upper middle income,Algiers,36.7397,3.05097,5752.99076651465,2024.0,76.475,2024,77.4178009,2024.0,75.2792907190618,2024,11.655,2024.0,100.0,2023.0,151.67,42505035.0,3.568283145749674
ECU,Ecuador,Latin America & Caribbean,Upper middle income,Quito,-0.229498,-78.5243,6874.705739766,2024.0,77.579,2024,77.17273115,2024.0,63.2376932397602,2024,3.453,2024.0,98.7,2023.0,39.53,17049547.0,2.3185366743175053
EGY,"Egypt, Arab Rep.","Middle East, North Africa, Afghanistan & Pakistan",Lower middle income,Cairo,30.0982,31.2461,3338.47371395895,2024.0,71.806,2024,74.64839935,2024.0,42.8004363938404,2024,6.817,2024.0,100.0,2023.0,246.26,105682094.0,2.330196068976453
ERI,Eritrea,Sub-Saharan Africa,Low income,Asmara,15.3315,38.9183,,,68.893,2024,14.34939957,2020.0,34.5365524291992,2024,5.947,2024.0,54.4,2023.0,0.8,3192760.0,0.2505669076285095
ESP,Spain,Europe & Central Asia,High income,Madrid,40.4167,-3.70327,35326.7683069278,2024.0,83.8878048780488,2024,95.7574516,2024.0,80.315199821207,2024,11.4,2024.0,100.0,2023.0,258.34,46782011.0,5.522208098322237
EST,Estonia,Europe & Central Asia,High income,Tallinn,59.4392,24.7586,31428.3547816104,2024.0,79.2951219512195,2024,92.23796204,2024.0,70.6981161541961,2024,7.6,2024.0,100.0,2023.0,16.0,1321977.0,12.103085000722404
ETH,Ethiopia,Sub-Saharan Africa,Not classified,Addis Ababa,9.02274,38.7468,1133.88279681719,2024.0,67.603,2024,21.94129944,2024.0,23.6222839355469,2024,3.357,2024.0,55.4,2023.0,16.28,112664152.0,0.14450026659766632
FIN,Finland,Europe & Central Asia,High income,Helsinki,60.1608,24.9525,53149.7671934051,2024.0,82.3365853658537,2024,93.72405196,2024.0,74.2637190463636,2024,8.4,2024.0,100.0,2023.0,44.36,5515525.0,8.042752049895523
FJI,Fiji,East Asia & Pacific,Upper middle income,Suva,-18.1149,178.399,6425.74151715712,2024.0,67.463,2024,74.7052002,2024.0,59.0766602292457,2024,5.361,2024.0,99.3,2023.0,1.9,917180.0,2.0715671950980177
FRA,France,Europe & Central Asia,High income,Paris,48.8566,2.35097,46103.0840855884,2024.0,82.9804878048781,2024,88.65381638,2024.0,78.7999750964116,2024,7.4,2024.0,100.0,2023.0,309.96,67158348.0,4.615360699462113
FRO,Faroe Islands,Europe & Central Asia,High income,Torshavn,61.8926,-6.91181,74119.6607553879,2024.0,83.0832463414634,2024,,,39.4132325882965,2024,,,100.0,2023.0,,,
FSM,"Micronesia, Fed. Sts.",East Asia & Pacific,Lower middle income,Palikir,6.91771,158.185,4166.00476748564,2024.0,67.357,2024,39.52360153,2024.0,22.4562830235421,2024,,,86.9,2023.0,0.18,109909.0,1.6377184761939423
GAB,Gabon,Sub-Saharan Africa,Upper middle income,Libreville,0.38832,9.45162,8230.04311451151,2024.0,68.511,2024,68.72090149,2024.0,91.8632094677575,2024,20.091,2024.0,94.1,2023.0,4.61,2212318.0,2.083787231311231
GBR,United Kingdom,Europe & Central Asia,High income,London,51.5002,-0.126236,53246.3676145108,2024.0,81.3868536585366,2024,95.4720993,2024.0,83.2429544416085,2024,4.361,2024.0,100.0,2023.0,358.8,66289000.0,5.412662734390321
GEO,Georgia,Europe & Central Asia,Upper middle income,Tbilisi,41.71,44.793,9241.49122313713,2024.0,74.657,2024,83.79855689,2024.0,61.0789605093733,2024,11.557,2024.0,100.0,2023.0,9.46,3726549.0,2.538541690985413
GHA,Ghana,Sub-Saharan Africa,Lower middle income,Accra,5.57045,-0.20795,2390.77237652715,2024.0,65.695,2024,72.17569733,2024.0,58.3654868038581,2024,2.82,2024.0,89.5,2023.0,16.11,30637585.0,0.52582473455398
GIB,Gibraltar,Europe & Central Asia,High income,,,,,,83.63,2024,,,100.0,2024,,,100.0,2023.0,,,
GIN,Guinea,Sub-Saharan Africa,Lower middle income,Conakry,9.51667,-13.7,1694.95375862193,2024.0,60.904,2024,33.30469894,2024.0,38.0713036688655,2024,5.132,2024.0,51.1,2023.0,3.12,12704774.0,0.24557697759912928
GMB,"Gambia, The",Sub-Saharan Africa,Low income,Banjul,13.4495,-16.5885,871.340291776294,2024.0,66.057,2024,49.49430084,2024.0,64.2994103409645,2024,6.48,2024.0,66.9,2023.0,0.57,2399632.0,0.2375364222514119
GNB,Guinea-Bissau,Sub-Saharan Africa,Low income,Bissau,11.8037,-15.1804,1007.74151728028,2024.0,64.254,2024,29.77739906,2024.0,46.113204421822,2024,2.647,2024.0,40.5,2023.0,0.31,1922168.0,0.16127622559526536
GNQ,Equatorial Guinea,Sub-Saharan Africa,Upper middle income,Malabo,3.7523,8.7741,6745.40013244916,2024.0,63.906,2024,63.29930115,2024.0,71.3574028749806,2024,8.293,2024.0,66.9,2023.0,6.67,1616422.0,4.126397685752854
GRC,Greece,Europe & Central Asia,High income,Athens,37.9792,23.7166,24626.1481858973,2024.0,81.8390243902439,2024,86.26968886,2024.0,78.9967856500534,2024,10.02,2024.0,100.0,2023.0,65.29,10732882.0,6.083175050280065
GRD,Grenada,Latin America & Caribbean,Upper middle income,Saint George's,12.0653,-61.7449,11705.0902976658,2024.0,75.367,2024,70.16159821,2024.0,36.5628000454229,2024,,,94.4,2023.0,0.3,115691.0,2.5931144168517863
GRL,Greenland,Europe & Central Asia,High income,Nuuk,64.1836,-51.7214,58498.9707973609,2023.0,70.2734146341463,2024,,,88.3195347935238,2024,,,100.0,2023.0,,,
GTM,Guatemala,Latin America & Caribbean,Upper middle income,Guatemala City,14.6248,-90.5328,6150.02571438505,2024.0,72.746,2024,60.22140121,2024.0,55.9547027274763,2024,2.613,2024.0,100.0,2023.0,18.21,16845685.0,1.0809889891684428
GUM,Guam,East Asia & Pacific,High income,Agana,13.4443,144.794,41833.1517132825,2022.0,77.422,2024,,,94.1726346571831,2024,5.252,2024.0,100.0,2023.0,,,
GUY,Guyana,Latin America & Caribbean,High income,Georgetown,6.80461,-58.1548,29675.2443873316,2024.0,70.319,2024,83.00080109,2024.0,26.477717988557,2024,11.874,2024.0,98.9,2023.0,2.44,791556.0,3.082536169266609
HKG,"Hong Kong SAR, China",East Asia & Pacific,High income,,22.3964,114.109,54074.6928519479,2024.0,85.3926829268293,2024,95.75536971,2024.0,100.0,2024,2.988,2024.0,100.0,2023.0,,,
HND,Honduras,Latin America & Caribbean,Lower middle income,Tegucigalpa,15.1333,-87.4667,3426.43483328923,2024.0,73.044,2024,58.62269974,2024.0,58.7850728104829,2024,4.91,2024.0,95.6,2023.0,9.77,9765210.0,1.0004905168450038
HRV,Croatia,Europe & Central Asia,High income,Zagreb,45.8069,15.9614,24050.4397933135,2024.0,78.9292682926829,2024,83.63240029,2024.0,57.5158981711443,2024,5.0,2024.0,100.0,2023.0,16.58,3988775.0,4.156664640146411
HTI,Haiti,Latin America & Caribbean,Lower middle income,Port-au-Prince,18.5392,-72.3288,2142.62330526788,2024.0,65.119,2024,47.8614006,2024.0,55.0372652481002,2024,14.609,2024.0,51.3,2023.0,3.33,10962362.0,0.303766651748957
HUN,Hungary,Europe & Central Asia,High income,Budapest,47.4984,19.0408,23292.3263882478,2024.0,76.7243902439025,2024,93.77898628,2024.0,70.491825943218,2024,4.5,2024.0,100.0,2023.0,46.39,9706964.0,4.779043169419398
IDN,Indonesia,East Asia & Pacific,Upper middle income,Jakarta,-6.19752,106.83,4925.43048751861,2024.0,71.288,2024,72.78075544,2024.0,58.7509635387997,2024,3.301,2024.0,99.4,2023.0,583.11,269951846.0,2.1600519079243488
IMN,Isle of Man,Europe & Central Asia,High income,Douglas,54.1509,-4.47928,88328.548125887,2022.0,81.091,2024,,,52.1633405796294,2024,,,100.0,2023.0,,,
IND,India,South Asia,Lower middle income,New Delhi,28.6353,77.225,2694.73780859961,2024.0,72.235,2024,64.9434967,2024.0,35.3788972368389,2024,4.173,2024.0,99.5,2023.0,2434.52,1374659064.0,1.7709991253511277
IRL,Ireland,Europe & Central Asia,High income,Dublin,53.3441,-6.26749,112894.953240805,2024.0,83.009756097561,2024,97.18769836,2024.0,64.3470379255585,2024,4.3,2024.0,100.0,2023.0,37.11,4898022.0,7.576527831030567
IRN,"Iran, Islamic Rep.","Middle East, North Africa, Afghanistan & Pakistan",Upper middle income,Tehran,35.6878,51.4447,5190.16959024821,2024.0,77.854,2024,85.3404007,2024.0,77.0201263427734,2024,8.146,2024.0,100.0,2023.0,629.29,86117998.0,7.307299456729126
IRQ,Iraq,"Middle East, North Africa, Afghanistan & Pakistan",Upper middle income,Baghdad,33.3302,44.394,6073.61032342708,2024.0,72.424,2024,81.47450256,2024.0,69.8861494108913,2024,15.293,2024.0,100.0,2023.0,188.14,40265624.0,4.67247198255266
ISL,Iceland,Europe & Central Asia,High income,Reykjavik,64.1353,-21.8952,86040.5309851288,2024.0,82.809756097561,2024,98.209198,2024.0,94.1819039916522,2024,3.6,2024.0,100.0,2023.0,2.2,352721.0,6.237224321772732
ISR,Israel,"Middle East, North Africa, Afghanistan & Pakistan",High income,,31.7717,35.2035,54176.6844383302,2024.0,83.1975609756098,2024,88.18242225,2024.0,91.536188843818,2024,3.595,2024.0,100.0,2023.0,61.97,8882800.0,6.97640383662809
ITA,Italy,Europe & Central Asia,High income,Rome,41.8955,12.4823,40385.3413957669,2024.0,83.9512195121951,2024,89.2207202,2024.0,69.6047535143071,2024,6.5,2024.0,100.0,2023.0,324.85,60148658.0,5.400785500484483
JAM,Jamaica,Latin America & Caribbean,Upper middle income,Kingston,17.9927,-76.792,7753.8006955432,2024.0,71.606,2024,90.10870361,2024.0,58.9301585439922,2024,3.151,2024.0,97.7,2023.0,8.51,2820097.0,3.01762669865611
JOR,Jordan,"Middle East, North Africa, Afghanistan & Pakistan",Lower middle income,Amman,31.9497,35.9263,4618.09592498567,2024.0,77.981,2024,95.62244985,2024.0,92.9501393764286,2024,16.693,2024.0,100.0,2023.0,24.7,10462306.0,2.360856201300172
JPN,Japan,East Asia & Pacific,High income,Tokyo,35.67,139.77,32487.0778047567,2024.0,84.0363414634146,2024,85.54153081,2024.0,92.1901718034531,2024,2.5,2024.0,100.0,2023.0,1106.15,126811000.0,8.72282372980262
KAZ,Kazakhstan,Europe & Central Asia,Upper middle income,Astana,51.1879,71.4382,14154.6324958076,2024.0,74.531,2024,93.39167254,2024.0,62.072531584162,2024,4.833,2024.0,100.0,2023.0,220.45,18932727.0,11.643858805971268
KEN,Kenya,Sub-Saharan Africa,Lower middle income,Nairobi,-1.27975,36.8126,2132.43452097647,2024.0,63.834,2024,34.97622513,2024.0,31.8937831721599,2024,5.487,2024.0,76.2,2023.0,18.4,50207107.0,0.3664819803299959
KGZ,Kyrgyz Republic,Europe & Central Asia,Lower middle income,Bishkek,42.8851,74.6057,2420.18542283831,2024.0,72.4,2024,92.0286026,2024.0,34.7219977865937,2024,3.491,2024.0,100.0,2023.0,11.0,6444079.0,1.706993350019452
KHM,Cambodia,East Asia & Pacific,Lower middle income,Phnom Penh,11.5556,104.874,2627.87969756224,2024.0,70.817,2024,68.47530365,2024.0,40.8727033252729,2024,0.254,2024.0,95.0,2023.0,11.16,16274522.0,0.6857344258713097
KIR,Kiribati,East Asia & Pacific,Lower middle income,Tarawa,1.32905,172.979,2288.63471423684,2024.0,66.6,2024,89.44029999,2024.0,62.4620431275642,2024,,,95.9,2023.0,0.08,122084.0,0.6552865240326333
KNA,St. Kitts and Nevis,Latin America & Caribbean,High income,Basseterre,17.3,-62.7309,23960.6534357084,2024.0,72.281,2024,76.88400269,2024.0,31.795061903951,2024,,,100.0,2023.0,0.26,47008.0,5.530973451327434
KOR,"Korea, Rep.",East Asia & Pacific,High income,Seoul,37.5323,126.957,36238.639908315,2024.0,83.6292682926829,2024,97.89563777,2024.0,81.1682528469686,2024,2.784,2024.0,100.0,2023.0,630.87,51585058.0,12.229704190698012
KWT,Kuwait,"Middle East, North Africa, Afghanistan & Pakistan",High income,Kuwait City,29.3721,47.9824,32717.7186631255,2024.0,84.580487804878,2024,99.74729919,2024.0,100.0,2024,2.151,2024.0,100.0,2023.0,89.46,4323515.0,20.69149754308705
LAO,Lao PDR,East Asia & Pacific,Lower middle income,Vientiane,18.5826,102.177,2123.97909415109,2024.0,69.225,2024,65.59269714,2024.0,39.5552154401406,2024,1.174,2024.0,96.5,2023.0,18.79,7128045.0,2.636066410916317
LBN,Lebanon,"Middle East, North Africa, Afghanistan & Pakistan",Lower middle income,Beirut,33.8872,35.5134,3477.72489842684,2023.0,77.945,2024,80.63400269,2024.0,90.703695784554,2024,10.985,2023.0,100.0,2023.0,27.71,5984119.0,4.630589732590545
LBR,Liberia,Sub-Saharan Africa,Low income,Monrovia,6.30039,-10.7957,851.497723870206,2024.0,62.324,2024,32.23360062,2024.0,55.5387986654968,2024,2.914,2024.0,32.5,2023.0,1.32,4944726.0,0.2669510909199013
LBY,Libya,"Middle East, North Africa, Afghanistan & Pakistan",Upper middle income,Tripoli,32.8578,13.1072,6569.16408678648,2024.0,71.121,2024,81.95449829,2024.0,87.8854066107749,2024,19.085,2024.0,73.2,2023.0,58.94,6849055.0,8.605566753369626
LCA,St. Lucia,Latin America & Caribbean,Upper middle income,Castries,14.0,-60.9832,14181.6303351598,2024.0,72.846,2024,68.20500183,2024.0,29.0973354237452,2024,10.199,2024.0,100.0,2023.0,0.39,177017.0,2.203178225820119
LIE,Liechtenstein,Europe & Central Asia,High income,Vaduz,47.1411,9.52148,206780.590353385,2023.0,84.2,2024,98.2641983,2024.0,14.657584904886,2024,,,100.0,2023.0,0.14,38246.0,3.6605135177534907
LKA,Sri Lanka,South Asia,Lower middle income,Colombo,6.92148,79.8528,4515.56787322732,2024.0,77.672,2024,54.59,2024.0,20.2996997058686,2024,4.239,2024.0,100.0,2023.0,21.63,21670000.0,0.9981541301338256
LSO,Lesotho,Sub-Saharan Africa,Lower middle income,Maseru,-29.5208,27.7167,971.90771824829,2024.0,57.798,2024,51.79660034,2024.0,43.6780334209246,2024,16.34,2024.0,57.3,2023.0,2.57,2183603.0,1.1769538693617843
LTU,Lithuania,Europe & Central Asia,High income,Vilnius,54.6896,25.2799,29384.0189598663,2024.0,77.1951219512195,2024,89.16116293,2024.0,68.8285833315315,2024,6.851,2024.0,100.0,2023.0,11.59,2819200.0,4.111095346197503
LUX,Luxembourg,Europe & Central Asia,High income,Luxembourg,49.61,6.1296,137781.681659123,2024.0,83.1951219512195,2024,98.7606147,2024.0,94.8438702866393,2024,6.4,2024.0,100.0,2023.0,9.32,607950.0,15.330208076322066
LVA,Latvia,Europe & Central Asia,High income,Riga,56.9465,24.1048,23409.0845154775,2024.0,76.4292682926829,2024,92.70757011,2024.0,68.4839492628509,2024,6.9,2024.0,100.0,2023.0,7.63,1927174.0,3.9591650779846552
MAC,"Macao SAR, China",East Asia & Pacific,High income,,22.1667,113.55,72004.7437020733,2024.0,83.3317073170732,2024,89.82640076,2024.0,100.0,2024,2.262,2024.0,100.0,2023.0,,,
MAF,St. Martin (French part),Latin America & Caribbean,High income,Marigot,,,21668.3776525323,2021.0,80.438,2024,,,100.0,2024,,,100.0,2023.0,,,
MAR,Morocco,"Middle East, North Africa, Afghanistan & Pakistan",Lower middle income,Rabat,33.9905,-6.8704,4153.1943359375,2024.0,75.493,2024,91.2,2024.0,62.7998124018197,2024,9.103,2024.0,100.0,2023.0,66.68,35839760.0,1.8605035301575683
MCO,Monaco,Europe & Central Asia,High income,Monaco,43.7325,7.41891,288001.433369041,2024.0,86.497,2024,99.04489899,2024.0,100.0,2024,,,100.0,2023.0,,,
MDA,Moldova,Europe & Central Asia,Upper middle income,Chisinau,47.0167,28.8497,7576.19589413326,2024.0,71.332,2024,77.3687973,2024.0,43.516471862793,2024,1.427,2024.0,100.0,2023.0,8.59,2707203.0,3.1730165783651985
MDG,Madagascar,Sub-Saharan Africa,Low income,Antananarivo,-20.4667,45.7167,544.987501003384,2024.0,63.835,2024,18.67790031,2024.0,32.4339893339844,2024,3.051,2024.0,39.4,2023.0,3.37,27494926.0,0.12256806946852666
MDV,Maldives,South Asia,Upper middle income,Male,4.1742,73.5109,13379.3513577224,2024.0,81.285,2024,85.23999786,2024.0,41.9982152717385,2024,4.278,2024.0,100.0,2023.0,1.91,473099.0,4.037209970851767
MEX,Mexico,Latin America & Caribbean,Upper middle income,Mexico City,19.427,-99.1276,14185.7812248529,2024.0,75.264,2024,83.12233799,2024.0,79.7538805976118,2024,2.678,2024.0,99.7,2023.0,472.14,124573711.0,3.7900452367514363
MHL,Marshall Islands,East Asia & Pacific,Upper middle income,Majuro,7.11046,171.135,7726.33668877794,2024.0,67.075,2024,65.915802,2024.0,78.7325660244112,2024,,,100.0,2023.0,0.19,45285.0,4.195649773655736
MKD,North Macedonia,Europe & Central Asia,Upper middle income,Skopje,42.0024,21.4361,9291.85661671864,2024.0,76.6165853658537,2024,93.6,2024.0,62.5645376928533,2024,12.265,2024.0,100.0,2023.0,7.37,1889051.0,3.901429871401037
MLI,Mali,Sub-Saharan Africa,Low income,Bamako,13.5667,-7.50034,1094.61949265799,2024.0,60.675,2024,36.80149841,2024.0,31.6075621182225,2024,2.924,2024.0,54.5,2023.0,5.62,20442030.0,0.2749237722476682
MLT,Malta,"Middle East, North Africa, Afghanistan & Pakistan",High income,Valletta,35.9042,14.5189,43898.5781808597,2024.0,82.9560975609756,2024,93.86029816,2024.0,95.6546264490509,2024,3.1,2024.0,100.0,2023.0,1.55,483903.0,3.2031212867041536
MMR,Myanmar,East Asia & Pacific,Lower middle income,Naypyidaw,21.914,95.9562,1359.05001560107,2024.0,67.095,2024,45.4477005,2020.0,30.4499084074136,2024,2.887,2024.0,76.8,2023.0,32.52,52272247.0,0.6221274551292965
MNE,Montenegro,Europe & Central Asia,Upper middle income,Podgorica,42.4602,19.2595,13263.3281277699,2024.0,77.890243902439,2024,88.88258428,2024.0,65.5422314706266,2024,13.206,2024.0,100.0,2023.0,2.52,626438.0,4.022744469524518
MNG,Mongolia,East Asia & Pacific,Upper middle income,Ulaanbaatar,47.9129,106.937,6750.6301157724,2024.0,72.3980487804878,2024,85.12349701,2024.0,70.9566040039062,2024,5.158,2024.0,100.0,2023.0,21.32,3208189.0,6.645493766109166
MNP,Northern Mariana Islands,East Asia & Pacific,High income,Saipan,15.1935,145.765,23785.754590043,2022.0,78.947,2024,,,92.0747260922394,2024,,,100.0,2023.0,,,
MOZ,Mozambique,Sub-Saharan Africa,Low income,Maputo,-25.9664,32.5713,656.776824637306,2024.0,63.797,2024,20.52729988,2024.0,36.4332337447237,2024,6.668,2024.0,36.0,2023.0,6.64,29018644.0,0.22881841067418587
MRT,Mauritania,Sub-Saharan Africa,Lower middle income,Nouakchott,18.2367,-15.9824,2110.12036938187,2024.0,68.713,2024,45.77939987,2024.0,60.6068586411829,2024,10.257,2024.0,50.3,2023.0,4.0,4337685.0,0.9221508707985941
MUS,Mauritius,Sub-Saharan Africa,Upper middle income,Port Louis,-20.1605,57.4977,11990.7798944837,2024.0,73.7890243902439,2024,73.30793533,2024.0,39.0162147027917,2024,5.548,2024.0,100.0,2023.0,4.13,1265577.0,3.2633336414931686
MWI,Malawi,Sub-Saharan Africa,Low income,Lilongwe,-13.9899,33.7703,522.570393642547,2024.0,67.561,2024,18.96159935,2024.0,17.268503531213,2024,5.051,2024.0,15.6,2023.0,1.57,18528081.0,0.08473624440653083
MYS,Malaysia,East Asia & Pacific,Upper middle income,Kuala Lumpur,3.12433,101.684,11874.4273684245,2024.0,76.821,2024,98.0206059,2024.0,76.9170296648992,2024,3.846,2024.0,100.0,2023.0,239.62,32910967.0,7.280855649121461
NAM,Namibia,Sub-Saharan Africa,Lower middle income,Windhoek,-22.5648,17.0931,4413.12752211572,2024.0,67.516,2024,64.87460327,2024.0,50.4088030252155,2024,19.157,2024.0,56.7,2023.0,4.25,2577327.0,1.6489952574896394
NCL,New Caledonia,East Asia & Pacific,High income,Noum'ea,-22.2677,166.464,29213.1923192946,2024.0,78.921,2024,,,67.9514695585577,2024,10.991,2024.0,100.0,2023.0,,,
NER,Niger,Sub-Saharan Africa,Low income,Niamey,13.514,2.1073,735.270255787226,2024.0,61.433,2024,15.55760002,2024.0,18.0497398450803,2024,0.376,2024.0,20.1,2023.0,2.29,22188069.0,0.10320862081328483
NGA,Nigeria,Sub-Saharan Africa,Lower middle income,Abuja,9.05804,7.48906,1084.16041805436,2024.0,54.635,2024,41.21139908,2024.0,62.9755675573659,2024,3.045,2024.0,61.2,2023.0,130.67,204938755.0,0.6376051225645437
NIC,Nicaragua,Latin America & Caribbean,Lower middle income,Managua,12.1475,-86.2734,2847.53966339498,2024.0,75.1,2024,61.39550018,2024.0,59.2628402709961,2024,4.98,2024.0,88.3,2023.0,5.21,6400080.0,0.8140523243459457
NLD,Netherlands,Europe & Central Asia,High income,Amsterdam,52.3738,4.89095,67520.4218956281,2024.0,81.9658536585366,2024,97.00679779,2024.0,95.6396517079336,2024,3.7,2024.0,100.0,2023.0,151.17,17231624.0,8.772823733851203
NOR,Norway,Europe & Central Asia,High income,Oslo,59.9138,10.7387,86785.4334489176,2024.0,83.1609756097561,2024,99.0,2024.0,83.3293737928469,2024,4.0,2024.0,100.0,2023.0,37.35,5311916.0,7.031361188693496
NPL,Nepal,South Asia,Lower middle income,Kathmandu,27.6939,85.3157,1447.31004458428,2024.0,70.636,2024,46.32189941,2024.0,66.772343163029,2024,10.5,2024.0,94.0,2023.0,12.03,28079689.0,0.4284235484232037
NRU,Nauru,East Asia & Pacific,High income,Yaren District,-0.5477,166.920867,13609.158837552,2024.0,62.279,2024,83.01170349,2024.0,100.0,2024,,,100.0,2023.0,0.07,11477.0,6.099154831401934
NZL,New Zealand,East Asia & Pacific,High income,Wellington,-41.2865,174.776,49205.1792146792,2024.0,82.009756097561,2024,93.51930237,2024.0,83.9370658833132,2024,4.724,2024.0,100.0,2023.0,32.21,4900600.0,6.5726645716851
OMN,Oman,"Middle East, North Africa, Afghanistan & Pakistan",High income,Muscat,23.6105,58.5874,20285.2272897377,2024.0,80.246,2024,95.25174678,2024.0,79.4440302814714,2024,3.203,2024.0,100.0,2023.0,73.37,4597877.0,15.957364670694757
PAK,Pakistan,"Middle East, North Africa, Afghanistan & Pakistan",Lower middle income,Islamabad,30.5167,72.8,1478.77277977996,2024.0,67.799,2024,57.253,2024.0,39.1734368360905,2024,5.492,2024.0,95.6,2023.0,208.37,226928892.0,0.9182171479513503
PAN,Panama,Latin America & Caribbean,High income,Panama City,8.99427,-79.5188,19161.2188501596,2024.0,79.775,2024,72.77149963,2024.0,65.9958447685488,2024,8.451,2024.0,97.0,2023.0,10.14,4167860.0,2.432903216518789
PER,Peru,Latin America & Caribbean,Upper middle income,Lima,-12.0931,-77.0465,8452.37167056621,2024.0,77.941,2024,81.95705992,2024.0,85.1912729600355,2024,5.199,2024.0,96.2,2023.0,54.28,31897584.0,1.70169627894075
PHL,Philippines,East Asia & Pacific,Lower middle income,Manila,14.5515,121.035,3984.8315387656,2024.0,69.946,2024,67.26300914,2024.0,55.4520983215477,2024,2.202,2024.0,98.0,2023.0,142.24,109465287.0,1.2994073637243557
PLW,Palau,East Asia & Pacific,High income,Koror,7.34194,134.479,15610.8231931032,2023.0,69.383,2024,83.92549896,2024.0,79.2095042878667,2024,,,100.0,2023.0,0.29,17814.0,16.279330863365892
PNG,Papua New Guinea,East Asia & Pacific,Lower middle income,Port Moresby,-9.47357,147.194,3006.70564478923,2024.0,66.256,2024,18.81159973,2024.0,15.4061816403333,2024,2.625,2024.0,20.5,2023.0,7.46,9394513.0,0.7940805446753866
POL,Poland,Europe & Central Asia,High income,Warsaw,52.26,21.02,25103.565661423,2024.0,78.409756097561,2024,88.58496367,2024.0,59.9705468695101,2024,2.807,2024.0,100.0,2023.0,312.74,37974750.0,8.23547225459022
PRI,Puerto Rico (US),Latin America & Caribbean,High income,San Juan,18.23,-66.0,39343.7154660139,2024.0,81.902,2024,87.29178106,2022.0,94.2539505199436,2024,5.639,2024.0,100.0,2023.0,,,
PRK,"Korea, Dem. People's Rep.",East Asia & Pacific,Low income,Pyongyang,39.0319,125.754,,,73.743,2024,,,63.8589748211522,2024,3.539,2024.0,57.5,2023.0,18.12,25931147.0,0.6987735636992841
PRT,Portugal,Europe & Central Asia,High income,Lisbon,38.7072,-9.13552,29292.242104753,2024.0,82.3829268292683,2024,88.48704454,2024.0,61.3281907341332,2024,6.5,2024.0,100.0,2023.0,49.78,10283822.0,4.84061276050869
PRY,Paraguay,Latin America & Caribbean,Upper middle income,Asuncion,-25.3005,-57.6362,6416.09708970845,2024.0,73.982,2024,81.57806793,2024.0,69.8622585886961,2024,5.686,2024.0,99.8,2023.0,8.42,6427382.0,1.3100201606190514
PSE,West Bank and Gaza,"Middle East, North Africa, Afghanistan & Pakistan",Lower middle income,,,,2592.30591217647,2024.0,69.213,2024,86.63765334,2023.0,87.1196014117004,2024,24.42,2022.0,100.0,2023.0,,,
PYF,French Polynesia,East Asia & Pacific,High income,Papeete,-17.535,-149.57,22439.8838746025,2024.0,84.192,2024,,,61.7191984724331,2024,11.613,2024.0,100.0,2023.0,,,
QAT,Qatar,"Middle East, North Africa, Afghanistan & Pakistan",High income,Doha,25.2948,51.5082,76688.6941743178,2024.0,82.522,2024,98.08540344,2024.0,99.3219891728394,2024,0.13,2024.0,100.0,2023.0,90.17,2580734.0,34.939672201784454
ROU,Romania,Europe & Central Asia,High income,Bucharest,44.4479,26.0979,20080.2096215595,2024.0,76.4585365853659,2024,91.29048551,2024.0,52.1674778928768,2024,5.4,2024.0,100.0,2023.0,74.88,19473970.0,3.845132759267884
RUS,Russian Federation,Europe & Central Asia,High income,Moscow,55.7558,37.6176,14889.0185546875,2024.0,73.4404878048781,2024,94.36495368,2024.0,75.1119136177067,2024,2.43,2024.0,100.0,2023.0,1607.55,145398106.0,11.056196289104344
RWA,Rwanda,Sub-Saharan Africa,Low income,Kigali,-1.95325,30.0587,999.65456165547,2024.0,68.017,2024,31.70330048,2024.0,29.8849714294083,2024,11.331,2024.0,63.9,2023.0,1.08,12487996.0,0.08648305140392422
SAU,Saudi Arabia,"Middle East, North Africa, Afghanistan & Pakistan",High income,Riyadh,24.6748,46.6977,35121.6628687742,2024.0,78.982,2024,100.0,2024.0,84.4554020211443,2024,3.518,2024.0,100.0,2023.0,514.6,30196281.0,17.04183372780244
SDN,Sudan,Sub-Saharan Africa,Low income,Khartoum,15.5932,32.5363,984.607666015625,2024.0,66.521,2024,,,34.8673015510839,2024,7.53,2022.0,66.0,2023.0,20.2,44230596.0,0.4566974408393683
SEN,Senegal,Sub-Saharan Africa,Lower middle income,Dakar,14.7247,-17.4734,1773.21829923448,2024.0,68.924,2024,60.11780167,2024.0,55.2368169057304,2024,2.788,2024.0,74.2,2023.0,9.86,15914498.0,0.6195608557681178
SGP,Singapore,East Asia & Pacific,High income,Singapore,1.28941,103.85,90674.066632628,2024.0,83.3463414634146,2024,94.37757178,2024.0,100.0,2024,2.737,2024.0,100.0,2023.0,47.36,5638676.0,8.399134832361355
SLB,Solomon Islands,East Asia & Pacific,Lower middle income,Honiara,-9.42676,159.949,1933.55538435227,2024.0,70.694,2024,29.04070091,2024.0,30.6617188562194,2024,1.444,2024.0,81.3,2023.0,0.37,709101.0,0.5217874463581351
SLE,Sierra Leone,Sub-Saharan Africa,Low income,Freetown,8.4821,-13.2134,806.654650417726,2024.0,61.964,2024,25.10499954,2024.0,45.3626823156371,2024,3.103,2024.0,35.5,2023.0,1.02,7554563.0,0.13501773696241595
SLV,El Salvador,Latin America & Caribbean,Upper middle income,San Salvador,13.7034,-89.2073,5579.65969165029,2024.0,72.302,2024,66.47769928,2024.0,75.0674905102199,2024,3.261,2024.0,98.3,2023.0,6.81,6219807.0,1.094889278718777
SMR,San Marino,Europe & Central Asia,High income,San Marino,43.9322,12.4486,59879.7173015651,2023.0,85.817,2024,97.35220337,2024.0,97.1560555881096,2024,,,100.0,2023.0,,,
SOM,"Somalia, Fed. Rep.",Sub-Saharan Africa,Low income,Mogadishu,2.07515,45.3254,629.538899449007,2024.0,58.967,2024,27.94020081,2024.0,54.6176465524521,2024,18.949,2024.0,50.3,2023.0,0.69,15452487.0,0.04465300634130933
SRB,Serbia,Europe & Central Asia,Upper middle income,Belgrade,44.8024,20.4656,13679.2065983557,2024.0,75.9682926829268,2024,87.69071294,2024.0,62.3830029804177,2024,7.24,2024.0,100.0,2023.0,45.54,6982604.0,6.521922194069719
SSD,South Sudan,Sub-Saharan Africa,Low income,Juba,4.85,31.6,,,57.738,2024,6.671000004,2019.0,21.3768190444906,2024,12.374,2023.0,5.4,2023.0,1.38,10122977.0,0.1363235340750058
STP,Sao Tome and Principe,Sub-Saharan Africa,Lower middle income,Sao Tome,0.20618,6.6071,3490.56883486557,2024.0,69.905,2024,59.11759949,2024.0,68.8710170184884,2024,9.057,2024.0,81.3,2023.0,0.14,210187.0,0.6660735440345977
SUR,Suriname,Latin America & Caribbean,Upper middle income,Paramaribo,5.8232,-55.1679,6961.78955961526,2024.0,73.757,2024,87.4,2023.0,65.7641857200885,2024,7.621,2024.0,99.6,2023.0,2.08,599513.0,3.4694827301493043
SVK,Slovak Republic,Europe & Central Asia,High income,Bratislava,48.1484,17.1073,25992.6748502048,2024.0,78.3707317073171,2024,89.82507032,2024.0,53.1919702985684,2024,5.3,2024.0,100.0,2023.0,33.0,5446771.0,6.058635474118519
SVN,Slovenia,Europe & Central Asia,High income,Ljubljana,46.0546,14.5044,34301.0318686594,2024.0,82.2853658536585,2024,90.76355487,2024.0,55.7577708405917,2024,3.7,2024.0,100.0,2023.0,14.05,2073894.0,6.774695331583967
SWE,Sweden,Europe & Central Asia,High income,Stockholm,59.3327,18.0645,57117.4877440616,2024.0,84.0634146341463,2024,95.52930428,2024.0,88.8559748346228,2024,8.4,2024.0,100.0,2023.0,36.0,10175214.0,3.538009126884211
SWZ,Eswatini,Sub-Saharan Africa,Lower middle income,Mbabane,-26.5225,31.4659,3909.55892378182,2024.0,64.264,2024,63.40309906,2024.0,26.2498461258639,2024,34.643,2024.0,86.4,2023.0,1.09,1168929.0,0.9324775071882039
SXM,Sint Maarten (Dutch part),Latin America & Caribbean,High income,Philipsburg,,,41472.5874498583,2024.0,76.528,2024,,,100.0,2024,,,100.0,2023.0,,,
SYC,Seychelles,Sub-Saharan Africa,High income,Victoria,-4.6309,55.4466,17858.8226383978,2024.0,76.2951219512195,2024,87.81800079,2024.0,45.2898622460415,2024,,,100.0,2023.0,0.62,96762.0,6.407474008391724
SYR,Syrian Arab Republic,"Middle East, North Africa, Afghanistan & Pakistan",Low income,Damascus,33.5146,36.3119,1051.67149587463,2022.0,72.56,2024,33.77000046,2018.0,72.0761345758254,2024,13.359,2024.0,88.4,2023.0,27.91,19577845.0,1.4255910188276595
TCA,Turks and Caicos Islands,Latin America & Caribbean,High income,Grand Turk,21.4602778,-71.141389,37506.7798431288,2024.0,78.181,2024,,,94.1670917861964,2024,,,100.0,2023.0,,,
TCD,Chad,Sub-Saharan Africa,Low income,N'Djamena,12.1048,15.0445,961.55975562506,2024.0,55.238,2024,12.62689972,2024.0,26.9315292389497,2024,1.053,2024.0,12.0,2023.0,1.07,16156531.0,0.06622708798070576
TGO,Togo,Sub-Saharan Africa,Low income,Lome,6.1228,1.2255,1119.38160509429,2024.0,62.935,2024,39.48320007,2024.0,43.8148491605996,2024,1.948,2024.0,59.2,2023.0,2.26,8258778.0,0.27364823222031154
THA,Thailand,East Asia & Pacific,Upper middle income,Bangkok,13.7308,100.521,7346.62022142185,2024.0,76.564,2024,90.86718789,2024.0,61.8689338391321,2024,0.781,2024.0,100.0,2023.0,257.86,71376079.0,3.612694947840999
TJK,Tajikistan,Europe & Central Asia,Lower middle income,Dushanbe,38.5878,68.7864,1341.20229027672,2024.0,71.927,2024,55.79339981,2024.0,26.1788063651548,2024,7.041,2024.0,100.0,2023.0,7.33,9307333.0,0.7875510632315401
TKM,Turkmenistan,Europe & Central Asia,Upper middle income,Ashgabat,37.9509,58.3794,6856.65802730208,2024.0,70.201,2024,,,47.0875253910294,2024,4.02,2024.0,100.0,2023.0,71.73,6655524.0,10.777513536124278
TLS,Timor-Leste,East Asia & Pacific,Lower middle income,Dili,-8.56667,125.567,1331.9705130185,2024.0,67.904,2024,35.04199982,2021.0,28.6641074179574,2024,1.523,2024.0,100.0,2023.0,0.64,1275959.0,0.5015835148308057
TON,Tonga,East Asia & Pacific,Upper middle income,Nuku'alofa,-21.136,-175.216,5651.59373063157,2023.0,73.07,2024,67.4417038,2024.0,21.1505271125521,2024,1.965,2024.0,100.0,2023.0,0.19,105567.0,1.7998048632621937
TTO,Trinidad and Tobago,Latin America & Caribbean,High income,Port-of-Spain,10.6596,-61.4789,18733.4110406494,2024.0,73.617,2024,82.15989685,2024.0,53.961056681951,2024,3.318,2024.0,98.7,2023.0,17.76,1359193.0,13.066577005620246
TUN,Tunisia,"Middle East, North Africa, Afghanistan & Pakistan",Lower middle income,Tunis,36.7899,10.21,4181.13789301228,2024.0,76.711,2024,76.5,2024.0,70.3585355691955,2024,15.341,2024.0,100.0,2023.0,29.98,11765514.0,2.548124969295859
TUR,Turkiye,Europe & Central Asia,Upper middle income,Ankara,39.7153,32.3606,15892.7157287241,2024.0,77.421,2024,87.3078767,2024.0,89.3443122873887,2024,8.8,2024.0,100.0,2023.0,412.97,81407204.0,5.072892566117368
TUV,Tuvalu,East Asia & Pacific,Upper middle income,Funafuti,-8.6314877,179.089567,6344.7750188689,2023.0,67.259,2024,,,64.7254793441291,2024,,,100.0,2023.0,0.01,10751.0,0.9301460329271696
TZA,Tanzania,Sub-Saharan Africa,Lower middle income,Dodoma,-6.17486,35.7382,1186.71691894531,2024.0,67.212,2024,31.16209984,2024.0,36.1684458862992,2024,1.557,2024.0,48.3,2023.0,11.58,57437145.0,0.20161169222460482
UGA,Uganda,Sub-Saharan Africa,Low income,Kampala,0.314269,32.5729,1077.91278452817,2024.0,68.487,2024,8.949831061,2024.0,31.2777698213557,2024,2.74,2024.0,51.5,2023.0,6.13,41565831.0,0.14747690236242358
UKR,Ukraine,Europe & Central Asia,Upper middle income,Kiev,50.4536,30.5038,5389.47314453125,2024.0,74.692,2024,82.47489929,2024.0,69.5315643200148,2024,9.834,2021.0,100.0,2023.0,185.37,45208907.0,4.100298200086987
URY,Uruguay,Latin America & Caribbean,High income,Montevideo,-34.8941,-56.0675,23906.5133029408,2024.0,78.287,2024,91.99109007,2024.0,95.5981951588181,2024,8.209,2024.0,100.0,2023.0,6.52,3394534.0,1.920734922672744
USA,United States,North America,High income,Washington D.C.,38.8895,-77.032,84534.0407841548,2024.0,78.890243902439,2024,94.69380188,2024.0,80.1247798047184,2024,4.022,2024.0,100.0,2023.0,4981.3,328529577.0,15.16240956289911
UZB,Uzbekistan,Europe & Central Asia,Lower middle income,Tashkent,41.3052,69.269,3161.70010632875,2024.0,72.528,2024,89.50550079,2024.0,50.9986686706543,2024,4.439,2024.0,100.0,2023.0,112.09,32373490.0,3.4624008718244466
VCT,St. Vincent and the Grenadines,Latin America & Caribbean,Upper middle income,Kingstown,13.2035,-61.2653,11501.2265187188,2024.0,71.382,2024,76.19010162,2024.0,47.8487050456749,2024,18.093,2024.0,100.0,2023.0,0.28,104926.0,2.668547357185064
VEN,"Venezuela, RB",Latin America & Caribbean,Not classified,Caracas,9.08165,-69.8371,4217.59102643391,2024.0,72.673,2024,76.67890167,2024.0,89.285859883201,2024,5.321,2024.0,100.0,2023.0,138.16,29807592.0,4.635060759017367
VGB,British Virgin Islands,Latin America & Caribbean,High income,Road Town,18.431389,-64.623056,,,77.431,2024,,,56.5072068980827,2024,,,100.0,2023.0,,,
VIR,Virgin Islands (U.S.),Latin America & Caribbean,High income,Charlotte Amalie,18.3358,-64.8963,44320.909185774,2022.0,80.7707317073171,2024,,,95.3312197036061,2024,11.423,2024.0,100.0,2023.0,,,
VNM,Viet Nam,East Asia & Pacific,Lower middle income,Hanoi,21.0069,105.825,4717.29028732449,2024.0,74.736,2024,84.15,2024.0,38.4900703430176,2024,1.602,2024.0,99.8,2023.0,257.86,96237319.0,2.679417950119745
VUT,Vanuatu,East Asia & Pacific,Lower middle income,Port-Vila,-17.7404,168.321,3410.77023167097,2024.0,71.654,2024,,,22.2866933360645,2024,4.988,2024.0,61.6,2023.0,0.18,285259.0,0.631005507275844
WSM,Samoa,East Asia & Pacific,Upper middle income,Apia,-13.8314,-171.752,5392.87761915762,2024.0,71.826,2024,,,17.5029115108018,2024,4.855,2024.0,100.0,2023.0,0.32,207582.0,1.5415594801090653
XKX,Kosovo,Europe & Central Asia,Upper middle income,Pristina,42.565,20.926,7023.06598512878,2024.0,78.222,2024,89.4430319734879,2018.0,50.3214443938994,2024,,,,,,,
YEM,"Yemen, Rep.","Middle East, North Africa, Afghanistan & Pakistan",Low income,Sana'a,15.352,44.2075,633.887202451545,2018.0,69.439,2024,17.49099922,2019.0,36.8077517596594,2024,16.97,2024.0,83.6,2023.0,9.31,34085182.0,0.27313921926542745
ZAF,South Africa,Sub-Saharan Africa,Upper middle income,Pretoria,-25.746,28.1871,6267.186814093,2024.0,66.312,2024,78.35759735,2024.0,63.6917984858172,2024,32.279,2024.0,87.7,2023.0,433.25,58613001.0,7.391704785769287
ZMB,Zambia,Sub-Saharan Africa,Lower middle income,Lusaka,-15.3982,28.2937,1187.10943350064,2024.0,66.528,2024,17.10099983,2024.0,45.4703838491279,2024,5.898,2024.0,51.1,2023.0,7.74,17973569.0,0.43063233573699244
ZWE,Zimbabwe,Sub-Saharan Africa,Lower middle income,Harare,-17.8312,31.0672,2497.20332208763,2024.0,63.064,2024,41.64279938,2024.0,39.8933716820696,2024,9.435,2024.0,62.0,2023.0,12.27,15034452.0,0.8161255228990055
